"distid","distname","regcommand","fraudchi2_total","est_fraud_share","fraudchi2_k","fraudchi2_a","v.elday.pc","v.elday.pc.2","v.2months.pc","v.2months.pc.2","v.elday.pc.lag","numclosedstations","electrified","pce_1000_07","distkabul","elevation"
101,"Kabul",4,0,0.0476121008396149,0,0,0.00423106808584986,1.79019371470972e-05,0.0139376360475054,0.000194257698592723,0.0104721195269011,45,0.943452417850494,10.3927898406982,2.50803653962131,1853.21411132812
102,"Dih Sabz",4,0,0.1240449026227,0,0,0.0312314563228083,0.000975403864043485,0.312314563228083,0.0975403864043485,0.0219709416823321,6,0.375,6.55993700027466,19.5805577370614,1937.54919433594
103,"Mir Bacha Kot",4,0,0.0796165019273758,0,1,0,0,0.012518621449406,0.000156715882993528,0.00451581438196564,0,0.458333313465118,13.3307600021362,22.1777979916228,1756.2900390625
104,"Kalakan",4,0,0,0,0,0.0180632575278626,0.000326281272517884,0.0180632575278626,0.000326281272517884,0.00650429155691003,2,0,6.97903299331665,26.1095122028535,1656.6533203125
105,"Qarabagh",4,0,0.0870810002088547,0,0,0.00779429301865174,6.07510036606033e-05,0.00779429301865174,6.07510036606033e-05,0.00933532313844788,10,0.416666686534882,8.07310485839844,34.5750992068082,1640.05090332031
106,"Istalif",4,0,0,0,0,0,0,0.0187624301099478,0.000352028783630677,0.0043095917577524,5,0.5,5.83125591278076,37.372861094899,2500
107,"Shakardara",4,0,0,0,1,0,0,0.0324205157023364,0.00105108983840544,0.00764654027664583,3,0.474999994039536,13.4843702316284,18.770692357729,2291.26318359375
108,"Paghman",4,0,0,0,0,0,0,0.0663799054750146,0.00440629185087187,0.0738249518843608,10,0.555555582046509,5.7823371887207,21.1087032465402,2563.65209960938
109,"Chahar Asyab",4,0,0.0163770001381636,0,1,0,0,0.10198046054376,0.0104000143327174,0.0678604034703918,3,0.28125,4.00667905807495,18.4816987964305,2174.44506835938
110,"Bagrami",4,0,0.0225184001028538,0,0,0.0211291413116971,0.000446440612569665,0.169033130493577,0.0285721992044585,0.046957663167845,0,0.484375,5.03567886352539,16.549625998285,1989.90588378906
111,"Khaki Jabbar",4,0,0.0758514031767845,0,0,0.0677254410619349,0.00458673536703362,0.101588161592902,0.0103201545758256,0.0404729031263783,1,0,1.48834097385406,30.8427438858212,2492.455078125
112,"Surobi",4,1,0.148107394576073,0,1,0.102578831832263,0.0105224167400717,0.410315327329052,0.168358667841147,0.0351470156341744,4,0.430555611848831,3.96443605422974,48.4863464918596,1834.22900390625
113,"Guldara",4,0,0,0,0,0,0,0,0,0,1,0.125,8.39784526824951,28.6256103235659,2491.63989257812
114,"Musayi",4,0,0,0,1,0.075979181704213,0.00577283605244182,0.87376058959845,0.763457567935431,0.0265161272648361,4,NA,NA,18.8525031066171,1970.1943359375
115,"Farza",4,0,0,1,0,0,0,0,0,0.00301054292131044,1,0.375,10.6088104248047,32.4010388317315,2557.55200195312
201,"Mahmudi Raqi",4,0,0.0238211993128061,0,0,0.019960279044701,0.000398412739542332,0.0299404185670516,0.000896428663970246,0.00253398496540637,1,0.25,4.7825927734375,57.5491179454551,1575.09497070312
202,"Hisa-i-Awali Kohistan",4,0,0.111847102642059,0,0,0,0,0.0434669216726071,0.00188937327969256,0,0,0.416666686534882,2.66381096839905,69.1556301980332,1904.08996582031
203,"Koh Band",4,0,0.313277006149292,0,0,0,0,0,0,0.00431882981528612,3,0.5,4.15567684173584,69.5857932612665,2566.64453125
204,"Nijrab",4,0,0.0543936006724834,0,0,0.00595269984701561,3.54346354686597e-05,0.0535742986231405,0.00287020547296144,0.0240991057182009,9,0.416666686534882,3.21071910858154,70.8974878274979,2601.52758789062
205,"Tagab",4,0,0.0720587968826294,0,0,0.0594383079894992,0.00353291245665457,0.416068155926495,0.173112710376074,0.0400837127925212,55,0.583333313465118,2.31352710723877,55.3600101411443,1641.79028320312
207,"Hisa-i-Duwumi Kohistan",4,0,0.0514706000685692,0,0,0,0,0,0,0.00499006976117526,0,0.200000002980232,2.04236602783203,62.044284952878,1528.73327636719
301,"Chaharikar",4,0,0.010033399797976,0,0,0,0,0.0115637684008465,0.000133720739628415,0.00241858633311134,2,0.5,10.3024301528931,50.2816313596715,1883.84301757812
302,"Jabalussaraj",4,0,0.0679541006684303,0,0,0,0,0,0,0,1,0.449999988079071,8.03864097595215,65.4358897786382,1863.09143066406
303,"Salang",4,0,0,0,0,0,0,0,0,0,0,0.5625,6.32595300674438,82.3906147316484,2909.68701171875
304,"Shinwari",4,1,0.0225184001028538,0,0,0,0,0.0170616437187559,0.000291099686385761,0,2,0.5625,7.89347076416016,67.5834315975668,2881.11328125
305,"Sia Gird ( Ghorbund)",4,1,0.0275756008923054,0,0,0,0,0.00764076193678033,5.83812429745512e-05,0,4,0.303571403026581,10.8311500549316,63.3394966396594,2893.74462890625
306,"Shekh  Ali",4,0,0.0297520998865366,0,0,0,0,0,0,0.00873343376782166,0,0,5.91209697723389,82.4379298025041,3207.72680664062
307,"Surkhi Parsa",4,0,0,0,0,0,0,0.0131037555363367,0.000171708409156075,0.0137763817710916,0,0.625,12.6913604736328,55.782899976248,3144.34252929688
308,"Bagram",4,0,0.0182629004120827,0,0,0.00671722498001626,4.51211114321544e-05,0.10747559968026,0.0115510045266315,0.0133065114142668,2,0.162499994039536,7.50865602493286,46.4881677316278,1540.67614746094
309,"Kohi Safi",4,0,0.123938798904419,0,0,0,0,0.247108826727291,0.0610627722465382,0.0415520228286477,1,0,10.3804702758789,37.6340198305194,2023.35266113281
310,"Sayd Khel",4,0,0.0112570002675056,0,0,0,0,0.0362404189392429,0.00131336796489184,0.00444625067078623,1,0.34375,9.56992816925049,57.6740808032298,1466.43994140625
401,"Maydan Shahr",4,0,0.0790209993720055,0,0,0.113719437901064,0.012932110556534,0.584842823491187,0.342041128189143,0.132941385734537,3,0.375,1.9723299741745,32.7778395723692,2475.8984375
402,"Jalrez",4,0,0.0387012995779514,0,0,0.110211054168733,0.0121464764609834,0.289304017192924,0.0836968143639639,0.0670554234893238,7,0.600000023841858,1.20202004909515,53.4842769807285,3333.85913085938
403,"Hisa-I- Awali Bihsud",4,0,0,0,0,0,0,0,0,0.025646370501307,0,0.6875,1.15685200691223,89.3629866893492,3348.13256835938
404,"Markazi Bihsud",4,0,0.0460941009223461,0,0,0,0,0,0,0.00545839610488854,4,0.412499994039536,1.4464099407196,135.964349702698,3190.93920898438
405,"Day Mirdad",4,0,0.0859458968043327,0,0,0,0,0,0,0.071965500274269,17,0.5,1.05139303207397,86.5754747791495,2963.71118164062
406,"Chaki Wardak",4,0,0.469512194395065,0,1,0.0329688444420023,0.00108694470384095,0.197813066652014,0.0391300093382741,0.0931101597139184,31,0.625,1.52696204185486,77.7628774205112,2719.57666015625
407,"Saydabad",4,1,0.496685802936554,1,0,0.160656088865768,0.0258103788896456,0.918034793518674,0.842787882110875,0.100697445627498,17,0.409090906381607,1.3526439666748,81.6846455447501,2492.0341796875
408,"Nirkh",4,0,0.231390401721001,0,0,0.288613103034878,0.083297523243421,0.666030237772795,0.443596277627686,0.0512753293803561,29,0.833333313465118,1.27730000019073,43.6254040502358,2617.17919921875
409,"Jaghatu",4,0,0.230769202113152,1,0,0.0162816066689461,0.00026509071572227,0.195379280027353,0.0381730630640069,0.0523707902339787,21,0.229166701436043,1.7392840385437,107.564770011546,2774.43505859375
501,"Puli Alam",4,0,0,0,0,0.0267126123599257,0.000713563659091658,0.247091664329313,0.0610542905810299,0.0947906762822723,21,0.375,1.95595502853394,63.0771320039476,2281.8916015625
502,"Charkh",4,0,0.126693293452263,0,0,0.168928430654879,0.0285368146835203,1.15434427614167,1.33251070786105,0.0821276099027294,15,0.375,1.13160800933838,82.8460434460607,2201.69995117188
503,"Baraki Barak",4,0,0.0240196008235216,0,1,0.0762319629730466,0.00581131217872394,0.392050095289954,0.153703277216862,0.118765710626858,57,0.512499988079071,2.61547708511353,71.8401126120921,2108.06591796875
504,"Khoshi",4,0,0.0423875004053116,0,0,0.0294906956855112,0.00086970113201543,0.0884720870565337,0.00782731018813887,0.0190252493817865,11,0,4.11447381973267,60.0223390851476,2687.8466796875
505,"Mohammad Agha",4,0,0,0,1,0.0172099266857123,0.000296181576527593,0.0688397067428493,0.00473890522444149,0.0734944815815496,17,0.291666686534882,1.17306101322174,35.8995095449977,2311.90942382812
506,"Azra",4,0,0.223232299089432,0,0,0.0259403372243839,0.000672901095314758,0.0518806744487678,0.00269160438125903,0.0232815723453449,10,0,1.13423299789429,63.2060547099105,3013.67993164062
507,"Kharwar",4,0,0,1,0,0.0649097754121771,0.00421327894405927,0.346185468864944,0.119844378853241,0.0904223437808535,25,0.166666701436043,1.04082894325256,96.5295544421071,2714.51245117188
601,"Ghazni",4,0,0.00518799992278218,0,0,0.0272570173191088,0.000742944993134197,0.163542103914653,0.0267460197528311,0.0572424728881453,50,1,6.12480401992798,129.655089072464,2237.88598632812
602,"Bahrami Shahid (Jaghatu)",4,0,0.174805194139481,0,0,0,0,0.0687757909215956,0.00473010941689103,0.0273103940136585,38,NA,NA,152.471776499335,3077.0078125
603,"Khwaja Umari",4,0,0.0545454993844032,0,0,0.0349931763306155,0.00122452238970555,0.0699863526612311,0.0048980895588222,0.0840718544358993,6,0.708333313465118,5.99606418609619,117.433022681549,2438.51440429688
604,"Nawur",4,0,0.225530400872231,0,0,0,0,0.0153040923142848,0.000234215241564152,0.0116964783321269,28,0.550000011920929,4.43547487258911,151.819467748531,3271.53979492188
605,"Ajristan",4,1,0.748871207237244,1,1,0.024918392265331,0.00062092627308891,0.149510353591986,0.0223533458312008,0.00170092326114615,20,1,11.5021200180054,220.304711921999,3120.8525390625
606,"Malistan",4,0,0.0680530965328217,0,1,0,0,0.0164716152889533,0.00027131411022728,0.00702478636644159,7,0.722222208976746,8.33936214447021,224.869900744623,3209.7939453125
607,"Jaghuri",4,0,0.190639197826385,0,1,0,0,0,0,0.0136755852825845,10,0.890625,8.24740409851074,220.034566708521,2901.5302734375
608,"Muqur",4,1,0.209705203771591,1,0,0.0384378843788438,0.00147747095552136,0.0960947109471095,0.00923419347200852,0.043714517307573,34,0,3.65044903755188,217.990187199197,2258.75927734375
609,"Gelan",4,1,0.939024388790131,1,NA,0.0106625722389269,0.000113690446750335,0.351864883884588,0.123808896511115,0.0342871070825042,57,0.4375,4.82080221176147,245.969850350132,2127.79858398438
611,"Ab Band",4,0,0.664646506309509,0,0,0.0316165544278984,0.000999606513892265,0.126466217711594,0.0159937042222762,0.0521884130274258,31,0.625,3.87377595901489,209.851696227325,2074.63989257812
612,"Giro",4,1,0.870083570480347,1,NA,0.0462107208872458,0.00213543072491894,0.277264325323475,0.0768755060970818,0.0172710386836476,63,0,1.80320799350739,180.156587552605,2175.66674804688
613,"Qarabagh",4,1,0.492354899644852,1,0,0.0329530550777363,0.00108590383895632,0.151584053357587,0.0229777252323157,0.0197157810577724,86,0.761363625526428,6.71768093109131,181.53419886596,2435.53002929688
614,"Andar",4,1,0.591243982315063,1,0,0.0414610887681911,0.00171902188184382,0.389734234420996,0.15189277347972,0.0202145609659664,63,0.737500011920929,4.43610811233521,151.737374932324,2107.1630859375
615,"Dih Yak",4,1,0.271739095449448,1,0,0,0,0.145209537362414,0.0210858097410063,0.0540110893383009,21,0.90625,4.76993799209595,126.852752498687,2279.0185546875
616,"Zana Khan",4,1,0.570052027702332,1,NA,0.196637498771016,0.0386663059229212,0.196637498771016,0.0386663059229212,0.0575632115855339,12,0,6.51454877853394,105.540300841812,2707.22583007812
617,"Rashidan",4,0,0.699999988079071,0,0,0.0332358415315076,0.00110462116230748,0.232650890720553,0.0541264369530667,0.0243275712917221,11,0.5,5.70398378372192,132.146886376988,2886.38720703125
618,"Waghaz",4,0,0.408508986234665,1,1,0,0,0.0707630616818021,0.00500741089858253,0.034406846924817,17,0.541666686534882,5.50680208206177,152.623137818109,2451.74658203125
619,"Wali Muhammadi Shahid",4,1,0.939024388790131,1,NA,0.0703630734590487,0.00495096210660348,0.351815367295243,0.123774052665087,0.0190972070362464,17,1,9.34370136260986,133.929432854424,2549.65991210938
701,"Gardiz",4,0,0.0799029022455215,0,1,0.0470761032284792,0.00221615949517843,0.188304412913917,0.0354585519228548,0.0188546915755389,19,0.318181812763214,1.90991795063019,103.835490095146,2616.70043945312
702,"Zurmat",4,0,0.105594396591187,0,0,0.0329456725859058,0.00108541734213771,0.276743649721609,0.0765870476612367,0.0292895492752577,18,0.0500000007450581,2.1195080280304,123.943642498194,2450.50317382812
703,"Shawak",4,0,0.337193995714188,0,0,0,0,0.444562994576331,0.197636256146675,0.0354304160202292,3,NA,NA,121.595626334377,2771.85131835938
704,"Zadran",4,1,0.654555320739746,1,0,0.0262694722463026,0.000690085172099261,0.420311555940841,0.176661804057411,0.0248833225261463,40,0,2.00422596931458,130.914967890361,2522.908203125
705,"Ahmad Abad",4,0,0.0211094003170729,0,1,0,0,0.0504897505806321,0.00254921491369444,0.0262498188956106,3,0.25,2.66020607948303,85.9256917531014,2871.634765625
706,"Jani Khail",4,0,0.467184007167816,1,0,0.145652279458174,0.0212145865113619,0.242753799096956,0.0589294069760052,0.0421954019218631,38,0,0.815771818161011,113.088920377146,2217.16577148438
707,"Dand Patan",4,1,0.494919806718826,0,1,0,0,0.283906554185594,0.0806029315095375,0.0705873056491125,7,0.0625,1.71266603469849,107.226023625939,2091.94775390625
708,"Chamkani",4,1,0.383850693702698,0,0,0.0478904267037019,0.00229349296986265,0.0478904267037019,0.00229349296986265,0.0499679453894803,4,0.208333298563957,2.35862708091736,101.556576725897,2250.16235351562
709,"Laja Ahmad Khail",4,1,0.562765717506409,1,0,0.0289561314608368,0.000838457549177265,0.173736788765021,0.0301844717703815,0.0364676794667978,3,0.03125,1.4678510427475,90.6753760423635,2590.24682617188
710,"Sayed Karam",4,1,0.380877703428268,1,1,0,0,0.14659317462179,0.0214895588456945,0.019008058672329,24,0.25,1.89633595943451,95.7054259705771,2758.19995117188
711,"Ali Khail (Jaji)",4,0,0.260420888662338,1,1,0.0252633706389106,0.000638237896038972,0.0631584265972766,0.00398898685024358,0.0188967987249191,18,0.125,1.75325500965118,77.4036219461125,2874.17236328125
801,"Jalalabad",4,0,0.00195809989236295,0,1,0.00821119185449768,6.74236716713691e-05,0.0164223837089954,0.000269694686685476,0.0028299911138279,3,0.896551728248596,5.78811120986938,118.355283327871,574.080017089844
802,"Surkh Rod",4,0,0.0189347993582487,1,1,0.0056599822276558,3.20353988173796e-05,0.0169799466829674,0.000288318589356416,0.0115834566177478,2,0.465909093618393,8.16014194488525,102.78205924718,882.930908203125
803,"Hesarak",4,0,0.101931199431419,0,0,0,0,0.0269309490466444,0.000725276016552957,0.0388097400313996,3,0.25,3.60437393188477,62.0668370796707,2174.64111328125
804,"Shirzad",4,0,0.0460228994488716,0,0,0,0,0.0471172119175135,0.00222003165887987,0.0152952648188972,4,0.1875,4.14347219467163,83.6835103391849,2359.82275390625
805,"Khogayani",4,0,0.0720918029546738,0,1,0.00997735141229409,9.95475412044069e-05,0.0748301355922057,0.00559954919274789,0.0134337449161011,15,0.384615391492844,5.75872707366943,94.2297884054836,1837.09826660156
806,"Chaparhar",4,0,0.0514445006847382,0,1,0.0130922611644257,0.00017140730239753,0.0916458281509799,0.00839895781747895,0.00847518018115889,3,0.392857104539871,3.98073410987854,113.846140734921,871.504638671875
807,"Pachier Agam",4,0,0.0864783003926277,1,0,0.0352137474470033,0.00124000800926133,0.123248116064512,0.0151900981134513,0.00768987085890659,3,0.224999994039536,11.2554702758789,113.731927113757,2222.22802734375
808,"Deh Bala",4,0,0.128498703241348,0,1,0,0,0,0,0.00966120172228581,12,0.5,5.10330486297607,127.349785027552,1823.83630371094
809,"Rodat",4,0,0.0121457995846868,0,1,0,0,0.0972604960285297,0.00945960408771565,0.00813059505017749,0,0.270833313465118,4.51538276672363,131.822732664961,720.1923828125
810,"Acheen",4,0,0.0827487036585808,0,1,0,0,0.00877608691836484,7.70197015986945e-05,0.00178942094338272,16,0.0681817978620529,4.5263500213623,147.201716901931,1748.84765625
811,"Nazyan",4,0,0.119194500148296,0,1,0,0,0,0,0,4,0,4.78659105300903,161.672559622989,1452.75549316406
812,"Dur Baba",4,0,0.130982592701912,0,0,0,0,0,0,0,2,0,4.56652021408081,172.391045350164,1264.92504882812
813,"Shinwar",4,0,0.0514247007668018,0,1,0,0,0.0493754011751345,0.00243793024120548,0.00178942094338272,0,0.125,5.5321249961853,157.465447321533,653.111999511719
814,"Muhmand Dara",4,0,0.0737404003739357,0,0,0,0,0.0370349795381738,0.00137158970939295,0.0022367761792284,2,0.0500000007450581,4.64141082763672,172.863466872806,573.380004882812
815,"Lal Por",4,0,0.128611207008362,1,0,0,0,0.0387942739651627,0.0015049956924841,0.0146073013956055,1,0,7.96456909179688,171.612198467019,791.30517578125
816,"Goshta",4,0,0.0454007983207703,0,1,0.0348747994699031,0.00121625163806595,0.0348747994699031,0.00121625163806595,0.00178942094338272,8,0.541666686534882,4.80897617340088,156.164146116103,895.180725097656
817,"Bati Kot",4,0,0.044089000672102,0,1,0.00894710471691361,8.00506828154177e-05,0.0178942094338272,0.000320202731261671,0.00498211420998615,7,0.28125,5.60694694519043,148.783223044938,503.760009765625
818,"Kama",4,0,0.00707070017233491,0,1,0,0,0,0,0.00697495989398061,2,0.229166701436043,3.5227210521698,136.832068539811,731.872009277344
819,"Kuz Kunar",4,0,0.0119880000129342,0,0,0,0,0,0,0.00443941310958692,2,0,4.64276218414307,131.95362911507,853.362487792969
820,"Dara-I-Nur",4,0,0.0767533034086227,0,0,0,0,0,0,0.00950300977860635,7,0.625,3.22865390777588,131.314644053844,1919.59997558594
821,"Bihsud",4,0,0.0179930999875069,0,1,0,0,0.03044093697204,0.000926650643735712,0.00765713055772867,2,0.416666686534882,4.39166021347046,123.313001269503,639.905029296875
822,"Kot",4,0,0.0864837020635605,0,1,0,0,0.0554385186827808,0.00307342935374104,0.0022367761792284,1,0.0500000007450581,3.92215204238892,138.063184562257,964.236389160156
901,"Mihtarlam",4,0,0.0278887003660202,0,1,0,0,0.0330332810306384,0.00109119765564913,0.0473387085461892,6,0.488636404275894,2.83213996887207,86.0540224924147,1110.18737792969
902,"Qarghayi",4,0,0.138102099299431,0,0,0.0266364786575215,0.000709501995272597,0.0599320769794233,0.00359185385106752,0.0131351294969125,9,0.015625,2.74195194244385,90.5935943982487,1088.69018554688
903,"Alingar",4,0,0.0805483981966972,0,0,0,0,0.0796160232933737,0.00633871116505102,0.0179424287646674,5,0.527777791023254,3.18307304382324,118.919900180153,1932.36767578125
904,"Daulatshahi",4,0,0.0724485963582993,0,0,0.0215072264280798,0.000462560788628696,0.193565037852719,0.0374674238789243,0.0216088615493284,4,0.59375,4.82922410964966,94.4349477913555,3019.896484375
905,"Alishing",4,0,0.311557501554489,1,1,0.0601395236949723,0.00361676231025814,0.260604602678213,0.0679147589370695,0.0348759775939424,13,0.696428596973419,3.27445507049561,90.028782911712,1914.16516113281
1001,"Asadabad",4,0,0.0534388981759548,0,0,0.0180554301706238,0.000325998558646273,0.0541662905118714,0.00293398702781645,0.142706232947904,1,0.166666701436043,5.63535118103027,183.363868786006,1112.47998046875
1002,"Marawara",4,0,0.236504897475243,0,0,0.0363834818992178,0.00132375775511071,0.109150445697653,0.0119138197959964,0.1422471908937,5,NA,NA,192.075565557173,1550.53332519531
1003,"Bar Kunar",4,0,0.254451990127563,0,0,0,0,0.15470297029703,0.0239330090187237,0.115785248594754,7,0.166666701436043,4.02991676330566,210.298666427689,1863.083984375
1004,"Dangam",4,0,0.320352286100388,0,0,0.13728720483251,0.0188477766107235,0.686436024162548,0.471194415268086,0.0650904640178966,8,0.5625,1.96815204620361,213.897451239996,1978.28735351562
1005,"Nari",4,0,0.217723101377487,0,0,0.151898734177215,0.0230732254446403,1.72151898734177,2.96362762377824,0.111492980527011,7,0.375,2.81701493263245,231.402363833809,2094.205078125
1006,"Ghaziabad",4,0,0.0860586017370224,0,1,0.130582397492818,0.0170517625349723,1.13171411160442,1.28077683040459,0.074674742367281,9,0.375,2.26557397842407,212.260974752006,2433.31616210938
1007,"Shaygal wa shital",4,0,0.148286998271942,0,0,0.0433726578764747,0.00188118745126972,0.433726578764747,0.188118745126972,0.0717532173705328,0,0.474999994039536,4.71364116668701,196.172346970547,2005.74084472656
1008,"Wata Pur",4,0,0.365554511547089,0,0,0.17996400719856,0.0323870438869635,1.37972405518896,1.90363846846707,0.084405334183114,12,0.5,2.7102689743042,182.493923943849,2292.16528320312
1009,"Chapa Dara",4,0,0.270965307950974,0,1,0.0208785702355103,0.000435914695079135,0.0835142809420411,0.00697463512126617,0.0435785684138586,19,1,3.41911005973816,148.244042355598,2626.88330078125
1010,"Dara-I-Pech",4,0,0.0877994000911713,0,0,0.272101049737208,0.0740389812680904,2.64940495796755,7.01934663130303,0.0537148399541896,13,0.65625,4.7802300453186,166.460709896797,1938.65026855469
1011,"Narang",4,1,0.0218359995633364,0,0,0.088497533131264,0.00783181337031916,0.597358348636032,0.356836996685167,0.144730483483366,3,NA,NA,170.634426036427,1507.29602050781
1012,"Chawkay",4,1,0.0454020984470844,0,1,0.0329489291598023,0.00108563193277767,0.494233937397035,0.244267184874976,0.0762954306207964,0,0.25,4.87833023071289,157.005511615136,1627.5546875
1013,"Nurgal",4,1,0.0997963026165962,0,1,0,0,0.0265329406458118,0.000703996939314171,0.0107654998790625,2,0.3125,2.91641592979431,144.337125979236,1616.42590332031
1014,"Khas Kunar",4,0,0,0,1,0,0,0.130641157770972,0.0170671121037399,0.0745192494849959,2,0,2.97898292541504,162.519422172455,1223.09143066406
1015,"Sarkani",4,0,0,0,0,0.365313484634002,0.133453942055437,1.55258230969451,2.41051182837633,0.0357341113002764,3,0.0416667014360428,2.75334191322327,180.213677415525,1334.21447753906
1101,"Fayzabad",3,0,0.0101448995992541,0,0,0.00923727795893106,8.53273040905536e-05,0.0369491118357242,0.00136523686544886,0,9,0.375,3.81375503540039,325.273253161684,2036.74133300781
1102,"Kishim",3,0,0.023658299818635,0,0,0,0,0.0360272726453926,0.00129796437426545,0.00995619275189168,0,0.640625,3.74710607528687,263.579985377202,1671.20251464844
1103,"Jurm",3,1,0.0120689999312162,0,0,0,0,0,0,0.0071115662513512,0,0.145833298563957,3.53002190589905,290.780659739636,2866.04638671875
1104,"Kuran Wa Munjan",3,0,0,0,0,0,0,0,0,0.115546218487395,7,1,3.01828098297119,212.823504996361,4330.80419921875
1105,"Zebak",3,0,0,0,0,0,0,0.0710631040363843,0.00504996475528598,0,2,NA,NA,288.865035254208,4158.203125
1106,"Wakhan",3,0,0,0,0,0,0,0,0,0,5,0,2.3573260307312,470.100275618187,4558.58251953125
1107,"Ishkashiem",3,0,0,0,1,0,0,0,0,0,0,0.875,3.3808810710907,331.08930479326,3783.61181640625
1108,"Baharak",3,0,0,0,0,0,0,0.0172476241397747,0.000297480538466941,0,0,0,3.42428088188171,319.38968231653,2196.7509765625
1109,"Shighnan",3,0,0,0,1,0,0,0,0,0,0,0.75,1.92780101299286,388.892348239589,3452.64575195312
1110,"Darwaz",3,1,0.144117593765259,0,0,0,0,0,0,0,2,NA,NA,439.280339595015,3320.7783203125
1111,"Khwahan",3,0,0,0,1,0,0,0,0,0,0,0,2.06008100509644,383.567663944636,2489.64965820312
1112,"Raghistan",3,0,0.0181818008422852,0,0,0,0,0,0,0,0,0.333333313465118,2.56297397613525,372.965595392363,2922.03637695312
1113,"Shahri Buzurg",3,0,0.0640522986650467,0,0,0,0,0.0153029213276815,0.000234179401161208,0,0,0,2.53954005241394,324.58543971103,1708.71997070312
1114,"Arghanj Khaw",3,0,0.108039498329163,0,0,0,0,0,0,0.00131961113699015,3,0.25,3.19691205024719,335.808381702537,2722.958984375
1115,"Argo",3,0,0.0048076999373734,0,0,0,0,0.0281033077593233,0.00078979590701524,0.00737728021479868,3,0.0340908989310265,2.49369311332703,303.442417962665,1922.66174316406
1116,"Darayim",3,0,0.0205128006637096,0,0,0,0,0.0665542639098412,0.00442947004458079,0.0124452409398646,1,0.4375,2.59128308296204,285.474432958311,2389.69116210938
1117,"Darwazbala",3,0,0.0720587968826294,0,0,0,0,0,0,0,1,0.416666686534882,3.93267202377319,437.761361179475,3229.32202148438
1118,"Khash",3,0,0,0,0,0,0,0,0,0,5,0,2.24043297767639,302.594173155739,2555.39721679688
1119,"Kohistan",3,0,0,0,0,0,0,0,0,0.00153954632648851,0,0.3125,2.1513888835907,349.650869297165,2875.50732421875
1120,"Kuf Ab",3,0,0,0,1,0,0,0,0,0,0,0.875,1.50114095211029,402.940986936068,3281.32934570312
1121,"Shaki",3,0,0,0,0,0,0,0,0,0,1,0.6875,4.26019096374512,429.600811240427,2944.80297851562
1122,"Shahada",3,0,0,0,0,0,0,0.0644620640752917,0.00415535770484701,0,2,0.666666686534882,2.07537508010864,338.335377271892,3358.13818359375
1123,"Tagab (Kishmi Bala)",3,0,0.0458253994584084,0,0,0,0,0.0806451612903226,0.00650364203954214,0.00995619275189168,0,NA,NA,242.382990391511,3348.0908203125
1124,"Tashkan",3,1,0.0409091003239155,0,0,0.0497809637594584,0.00247814435282051,0,0,0,2,0.333333313465118,3.72351908683777,272.982782430348,2611.826171875
1125,"Warduj
",3,0,0,0,0,0,0,0.0822402236934084,0.00676345439314186,0,0,0.75,5.51157999038696,307.679247005877,3488.16772460938
1126,"Yaftal Sufla",3,0,0.0541568994522095,0,0,0,0,0.0184050208896987,0.000338744793950246,0.00184745559178621,1,0,3.26837301254272,327.283949197146,2046.44213867188
1127,"Yamgan (Girwan)",3,0,0.0159150995314121,0,0,0,0,0,0,0.00829682729324308,4,0.333333313465118,2.87991404533386,257.335720627911,3500.58032226562
1128,"Yawan",3,0,0.0654546022415161,1,0,0,0,0,0,0,0,0.59375,1.77671504020691,350.404366433179,2061.111328125
1201,"Taluqan",3,0,0.00657679978758097,0,0,0,0,0.00412275928033114,1.69971440835565e-05,0,0,0.401515185832977,7.17560577392578,248.537677380229,1071.34375
1202,"Bangi",3,0,0,0,0,0,0,0.019257062527682,0.000370834457195055,0.00382626623440292,0,0.0416667014360428,2.82776498794556,231.217851536265,1066.39758300781
1203,"Ishkamish",3,0,0.0367670990526676,0,0,0,0,0.0242045770855269,0.000585861551889213,0.00154654521131607,3,0.025000000372529,4.25400114059448,204.953025240429,1796.75646972656
1204,"Chal",3,0,0.0533768981695175,0,0,0,0,0,0,0,0,0,4.92944002151489,220.737034140635,1730.09777832031
1205,"Warsaj",3,1,0.0131868002936244,0,0,0,0,0,0,0,0,0.75,3.5267961025238,195.096283800242,3814.55639648438
1206,"Farkhar",3,0,0.0421453006565571,0,0,0,0,0,0,0,2,0.4375,4.65089321136475,227.408641258886,2557.79663085938
1207,"Kalfagan",3,0,0.0212120991200209,0,0,0,0,0,0,0,2,0.333333313465118,5.03906583786011,259.943136325722,1573.21520996094
1208,"Rustaq",3,0,0.00493550021201372,0,0,0,0,0,0,0.00414841364662153,0,0.0808824002742767,3.53774309158325,292.23118695669,1344.72106933594
1209,"Chah Ab",3,0,0,0,0,0,0,0,0,0,0,0.25,5.29804277420044,330.702417806756,1305.73278808594
1210,"Yangi Qala",3,0,0.0102564003318548,0,0,0,0,0.0802214110946212,0.00643547479801221,0,1,0.125,4.86513519287109,326.888141974914,703.210693359375
1211,"Darqad",3,0,0,0,1,0,0,0,0,0,1,0,3.41113805770874,326.865199329109,462.541656494141
1212,"Khwaja Ghar",3,0,0,0,0,0,0,0,0,0.00304497426996742,0,0.3125,3.32421588897705,277.171997341017,632.885192871094
1213,"Baharak",3,0,0,0,0,0,0,0.0139542023080251,0.000194719762053292,0.00304497426996742,0,0.319444388151169,3.20314288139343,256.752914195689,848.880004882812
1214,"Dashti Qala",3,0,0,0,0,0,0,0,0,0,0,0.0625,3.66930794715881,299.426780746473,487.867492675781
1215,"Hazar Sumuch",3,0,0,0,0,0,0,0,0,0,0,0,2.82388401031494,268.470428724469,972.646301269531
1216,"Khwaja Bahawuddin",3,0,0,0,0,0,0,0,0,0,0,0.03125,4.35806798934937,314.311943123853,530.783996582031
1217,"Namak Ab",3,0,0.0329670011997223,0,0,0,0,0,0,0,0,0,4.35919618606567,220.303278935444,2593.88696289062
1301,"Puli Khumri",3,0,0.0185835994780064,0,0,0,0,0.0425932926212445,0.00181418857631896,0.00685748726930578,15,0.762930989265442,5.64043092727661,170.289898094603,866.423706054688
1302,"Puli Hisar",3,0,0.41420578956604,0,0,0,0,0,0,0,1,0.666666686534882,4.32968282699585,122.068471511615,3392.22802734375
1303,"Dahana-I- Ghuri",3,0,0.036888100206852,0,1,0,0,0.00590057530609234,3.48167889428668e-05,0.0026344629910639,1,0.174999997019768,4.91994094848633,156.586020967143,1704.62438964844
1304,"Dushi",3,1,0.0127272997051477,0,1,0.0105378519642556,0.000111046324020566,0.0105378519642556,0.000111046324020566,0,4,0.142857104539871,4.94169807434082,128.859651583483,1791.3330078125
1305,"Tala Wa Barfak",3,0,0.17776520550251,0,0,0,0,0.0616998303254666,0.00380686906219137,0.0175320168956619,0,0.333333313465118,5.17103815078735,109.342501953029,3052.6142578125
1306,"Khinjan",3,0,0.0437824986875057,0,0,0,0,0.057929036929761,0.00335577331960962,0.00210757039285112,0,0.4375,4.47283601760864,105.76216853342,2728.65454101562
1307,"Andarab",3,0,0.0844376012682915,0,0,0,0,0,0,0.00117087244047284,0,1,8.61069107055664,121.806585340071,2436.03344726562
1308,"Khost Wa Firing",3,0,0.0978289023041725,0,0,0,0,0,0,0,8,0.458333313465118,9.88002109527588,159.106746170079,3111.84985351562
1309,"Nahrin",3,0,0.0686281993985176,0,0,0,0,0,0,0.0057145727244215,3,0.265625,4.54540586471558,162.252185617968,1461.9658203125
1310,"Burka",3,0,0.0345948003232479,0,0,0,0,0.0126500613527976,0.000160024052229542,0.00449747291983624,0,0.025000000372529,5.00064182281494,189.068617376143,1637.4130859375
1311,"Baghlani Jadid",3,0,0.039460800588131,0,0,0.0237495843822733,0.00056404275833072,0.0771861492423883,0.00595770163486823,0.00243905413480652,52,0.257352888584137,4.65737676620483,205.219205745363,810.765747070312
1312,"Dih Salah",3,0,0.112348698079586,1,0,0,0,0.0307323519468945,0.00094447745618779,0,1,0,8.00601387023926,135.790891981792,2555.39404296875
1313,"Farang Wa Gharu",3,0,0.0256409998983145,0,0,0,0,0,0,0,0,0.4375,6.45878314971924,184.210393892384,2732.10766601562
1314,"Guzargahi Nur",3,0,0.12972030043602,0,0,0,0,0,0,0,0,0,6.56901502609253,192.234931362532,2644.12963867188
1315,"Khwaja Hijran (Jilga Nahrin)",3,0,0.134450897574425,0,0,0,0,0,0,0,2,0.0833332985639572,5.06950616836548,160.231211302446,2411.36010742188
1401,"Kunduz",3,0,0.0154010998085141,0,0,0.0233436391177142,0.000544925487258076,0.108936982549333,0.0118672661669537,0.00748484743661271,60,0.7540323138237,7.65906000137329,253.153799071393,410.27392578125
1402,"Imam Sahib",3,0,0,0,0,0,0,0.00642145278947909,4.12350559275088e-05,0.0128561701558504,47,0.0815216973423958,5.73926401138306,287.467277914724,417.8134765625
1403,"Qalay-I- Zal",3,0,0,0,0,0,0,0.021143884131515,0.00044706383616693,0.0113237815827432,14,NA,NA,272.697090779448,366.683013916016
1404,"Chahar Dara",3,0,0,0,0,0.0219514872132587,0.00048186779087386,0.241466359345846,0.0583060026957371,0.0094186446999975,30,0.354166686534882,5.24366283416748,242.080716694958,550.372985839844
1405,"Aliabad",3,0,0.0307691991329193,0,0,0,0,0.0646170149523773,0.00417535862135575,0.0153554873539653,20,0.458333313465118,5.83907318115234,223.150896598082,585.169982910156
1406,"Khanabad",3,0,0.0315461009740829,0,1,0.00773272605658036,5.97950522661168e-05,0.0386636302829018,0.00149487630665292,0.00642808507792523,5,0.298076897859573,5.83381986618042,230.588365223878,850.315063476562
1407,"Dashte Archi",3,1,0.0338636003434658,0,0,0.0152248713498371,0.00023179670761909,0.0228373070247556,0.000521542592142953,0.00517939419571577,45,0.140625,6.10532999038696,271.249680414408,535.319152832031
1501,"Aybak",3,0,0.0681399032473564,0,0,0,0,0.0216083840530126,0.000466922261382488,0.00395826406371223,1,0.625,4.42387676239014,215.967080613414,1481.10217285156
1502,"Hazrati Sultan",3,0,0.010733500123024,0,0,0,0,0,0,0.00593739609556833,1,0,3.5357940196991,238.728083143406,1050.66809082031
1503,"Dara-I-Sufi Bala",3,0,0.0112853003665805,0,0,0,0,0.0160305221141053,0.000256977639250818,0.0107563892952414,2,0.25,2.66353392601013,213.426806874527,2662.56030273438
1504,"Dara-I-Sufi Payin",3,0,0.069317102432251,0,0,0,0,0,0,0,1,0.238636404275894,2.63102102279663,235.453741490067,1690.4462890625
1505,"Ruyi Du Ab",3,0,0.0403995998203754,0,1,0,0,0.0167773974901013,0.000281481066540859,0.0160981610543645,0,0.025000000372529,2.7491569519043,173.227908550882,2726.83447265625
1506,"Khuram Wa Sarbagh",3,0,0.0470941998064518,0,0,0,0,0,0,0.00395826406371223,0,0.333333313465118,3.42231392860413,187.949937201841,2070.24853515625
1507,"Feroz Nakhchir",3,0,0.32193261384964,0,0,0,0,0,0,0,0,0.75,2.48485589027405,257.459592300127,1391.01416015625
1601,"Mazari Sharif",3,0,0,0,0,0,0,0,0,0,0,0.940625011920929,3.09466004371643,304.842332953232,368.399993896484
1602,"Nahri Shahi",3,0,0.041958000510931,0,0,0,0,0.0277118338767932,0.000767945736814982,0,3,0.71875,2.46886301040649,313.341741804303,372.429992675781
1603,"Zari",3,0,0.135821104049683,0,1,0,0,0,0,0,0,0.125,2.84110903739929,265.454130156296,1946.32653808594
1604,"Shortepa",3,0,0,0,0,0,0,0.0148376758264585,0.000220156623931072,0,0,0.666666686534882,2.59572601318359,368.184265621514,275.720489501953
1605,"Dawlatabad",3,0,0,0,0,0,0,0,0,0.0015180634368349,2,0,3.87543702125549,352.94567863715,290.412933349609
1606,"Balkh",3,0,0.0184765998274088,0,0,0,0,0.0121144573934533,0.000146760077937796,0.00182167612420188,3,0.555555582046509,5.02893495559692,326.38496189096,327.297943115234
1607,"Chahar Bolak",3,0,0.0958662033081055,0,1,0.00910838062100939,8.29625975371794e-05,0.0728670449680751,0.00530960624237948,0,10,0.125,2.91959095001221,343.113809151326,318.994995117188
1608,"Chimtal",3,0,0.0638665035367012,1,0,0,0,0.0261625321145082,0.000684478086642671,0.00130119723157277,1,0.0375000014901161,1.88231003284454,320.91722393331,783.535583496094
1609,"Sholgara",3,0,0.0104106003418565,0,1,0,0,0.0172192120488566,0.00029650126358349,0,2,0.449999988079071,2.96913409233093,287.112195003369,883.448669433594
1610,"Kishindih",3,0,0.11694560199976,0,0,0,0,0,0,0,4,0.291666686534882,1.79981899261475,261.087916343524,1373.79382324219
1611,"Chahar Kint",3,0,0,0,0,0,0,0,0,0,0,0.15625,2.952476978302,269.720541230669,1755.28259277344
1612,"Dihdadi",3,0,0,0,0,0,0,0.0159543068651382,0.000254539907546997,0,3,0.958333313465118,2.95668005943298,304.667759485851,478.502868652344
1613,"Kaldar",3,0,0,0,0,0,0,0,0,0,1,1,1.79785203933716,324.613682180723,303.036285400391
1614,"Khulm",3,0,0.0116844996809959,1,0,0,0,0,0,0.0057126339494415,0,0.324999988079071,2.41471409797668,284.186469777424,453.210388183594
1615,"Marmul",3,0,0.319927394390106,0,0,0,0,0,0,0,1,0.25,2.93370699882507,286.973555838575,1016.00219726562
1701,"Shibirghan",3,0,0,0,0,0,0,0,0,0.00532609930689694,5,0.995370388031006,5.66793203353882,382.957081172174,451.504364013672
1702,"Khwaja Du Koh",3,0,0,0,0,0,0,0,0,0,0,1,9.21996116638184,418.426970959703,300.904968261719
1703,"Darzab",3,0,0,0,0,0.0413582033996443,0.00171050098844635,0.206791016998222,0.0427625247111588,0.0142029314850585,0,0.125,4.58261680603027,380.312839983168,1430.9599609375
1704,"Mangajek",3,0,0.0112570002675056,0,0,0,0,0.0127286381630029,0.000162018229484655,0,3,0.25,4.38293981552124,401.291347526452,274.916137695312
1705,"Qarqin",3,0,0,0,0,0,0,0,0,0,1,0.03125,5.78460311889648,413.644137236,263.726959228516
1706,"Aqcha",3,0,0,0,0,0,0,0.0515605664787571,0.00265849201561033,0,1,0.765625,6.16503381729126,374.876052141069,291.028564453125
1707,"Mardyan",3,0,0,0,0,0,0,0.00800448251020571,6.40717402561892e-05,0.0015180634368349,1,0,5.99201488494873,378.931631249001,279.434997558594
1708,"Fayzabad",3,1,0.0568884983658791,0,0,0,0,0.0151857982414846,0.000230608468231076,0.00130119723157277,0,0.0416667014360428,3.63641500473022,351.729383106953,407.047760009766
1709,"Kham Ab",3,0,0,0,1,0,0,0,0,0,0,0.25,3.50049710273743,437.984483498727,254.809799194336
1710,"Khaniqa",3,0,0.0626598000526428,0,0,0,0,0.0731047591198187,0.00534430580596672,0,0,0.0833332985639572,6.30982208251953,371.085701387316,336.51171875
1711,"Qush Tepa",3,0,0.0347683988511562,0,0,0.0426087944551755,0.0018155093649234,0.0710146574252926,0.00504308156923166,0.00590831477137777,0,0,4.43849992752075,391.957214988286,775.214172363281
1801,"Maymana",3,0,0,0,0,0,0,0.0515951500558947,0.0026620595092903,0,0,0.887499988079071,5.57495021820068,427.237275464671,913.405700683594
1802,"Pashtun Kot",3,0,0.0614956989884377,0,0,0,0,0.0179315909804097,0.000321541955088712,0.000620692394780225,2,0.0460526011884212,3.90302610397339,424.831219342875,1449.3232421875
1803,"Almar",3,0,0.0443224981427193,0,0,0,0,0.0486736432221952,0.00236912354452155,0.00901284178231745,2,0,2.85670399665833,469.729407755124,811.031616210938
1804,"Qaysar",3,0,0.0843605026602745,0,0,0.0049655391582418,2.46565791320327e-05,0.024827695791209,0.000616414478300817,0.00518097132850468,12,0.35576918721199,2.79396891593933,461.365853380137,1600.13269042969
1805,"Kohistan",3,0,0.152083992958069,0,0,0,0,0,0,0.00316085848837573,5,0.666666686534882,2.4771249294281,396.188290265547,2417.52099609375
1806,"Bilchiragh",3,0,0.0639830008149147,0,0,0,0,0.134255219171645,0.0180244638748265,0.0134399650140118,3,0.46875,2.4733099937439,369.767189934894,1928.32055664062
1807,"Gurziwan",3,0,0.146969601511955,0,0,0,0,0.0452724268284401,0.00204959263093647,0.00252818931081559,0,0.430555611848831,2.82655811309814,374.097618974355,2138.69946289062
1808,"Shirin Tagab",3,0,0.0228287000209093,0,0,0,0,0.0598501352613057,0.00358203869079659,0.00852175889103511,4,0.078125,2.51703810691833,436.886270960649,642.52001953125
1809,"Dawlatabad",3,0,0,0,0,0,0,0.0309655044280671,0.000958862464484645,0.00710146574252927,1,0.3515625,3.07027792930603,433.225009774434,473.375091552734
1810,"Qaramqol",3,0,0.0230768993496895,0,0,0,0,0,0,0,0,1,2.23939394950867,455.240403281137,373.147338867188
1811,"Khani Chahar Bagh",3,0,0,0,0,0,0,0,0,0,0,0.9375,2.26801991462708,456.671348234144,271.263458251953
1812,"Andkhoy",3,0,0.0400741994380951,0,0,0,0,0,0,0,1,0.975000023841858,6.23448181152344,435.357284767556,330.196655273438
1813,"Khwaja Sabz Posh",3,0,0.0386447012424469,0,0,0,0,0,0,0.00852175889103511,0,0.174999997019768,2.48659801483154,416.020425707499,883.69677734375
1814,"Qurghan",3,0,0.0655826032161713,0,0,0,0,0,0,0,0,0.875,2.39707398414612,472.020549034868,294.433898925781
1901,"Qala-I- Naw",2,0,0.0202171001583338,0,0,0.0193389932120134,0.0003739966584543,0.17405093890812,0.0302937293347983,0.0541555247844709,1,0.21875,3.91708207130432,551.971648968257,1549.13000488281
1902,"Ab Kamari",2,0,0.0732029005885124,0,0,0.0609625994452403,0.00371643853112082,0.0762032493065504,0.00580693520487628,0.0387148148453133,18,0,2.60092902183533,573.881818431689,1289.76428222656
1903,"Qadis",2,0,0.0619636997580528,0,0,0.0329124200502463,0.00108322739356385,0.0658248401004926,0.00433290957425542,0.0202980104077729,1,0.0795454978942871,3.02540802955627,511.117844127225,1760.72668457031
1904,"Jawand",2,0,0.452233910560608,0,0,0,0,0.0383479694750163,0.00147056676285678,0.00641795317508773,9,0,2.85273909568787,444.199753913253,2138.13330078125
1905,"Ghormach",2,1,0.65683650970459,1,0,0.031085827971028,0.000966328700644347,0.279772451739252,0.0782726247521921,0.00165517971941393,5,0,2.75561308860779,507.110242713324,983.952270507812
1906,"Bala Murghab",2,0,0.424989402294159,0,0,0,0,0.34443168771527,0.118633187502389,0.0383421733643826,2,0.0104166995733976,3.20964598655701,528.976515944833,1036.91662597656
1907,"Muqur",2,0,0.0800653994083405,0,0,0.122747079642397,0.0150668455607369,0.490988318569587,0.241069528971791,0.0251974398468686,5,0.150000005960464,4.04221200942993,558.89491955246,858.813110351562
2001,"Hirat",2,0,0.0448679998517036,0,0,0,0,0.0163283967147266,0.000266616539273494,0.00115737391857874,4,0.982954621315002,7.83723306655884,642.337874180357,1239.2353515625
2002,"Injil",2,0,0.00969129987061024,0,1,0,0,0.0786304816678648,0.00618275264732043,0.00192895653096457,0,0.519230782985687,4.44196891784668,629.181260796315,969.263305664062
2003,"Guzara",2,0,0.0808686017990112,0,0,0.00578686959289372,3.3487859685158e-05,0.138884870229449,0.019289007178651,0.00227884130035242,55,0.4375,3.85809302330017,656.479979158911,1215.61291503906
2004,"Pashtun Zarghun",2,0,0.0375507995486259,0,0,0.015951889102467,0.000254462765937404,0.0478556673074009,0.00229016489343664,0.00115737391857874,12,0.0227272994816303,5.58605194091797,589.589506297689,1630.13391113281
2005,"Karukh",2,0,0.0110860001295805,0,0,0,0,0.0713640039963842,0.00509282106639595,0.0147725957929704,0,0.0625,3.25659203529358,596.261661106274,1758.02355957031
2006,"Koshk",2,0,0.037186399102211,1,0,0,0,0.0351833934382971,0.00123787117383401,0.00255463730536857,4,0.191666707396507,4.65153694152832,635.046330731552,1019.67077636719
2007,"Gulran",2,0,0.0892336964607239,0,0,0,0,0.0106274443121918,0.000112942572608738,0,4,0.0208333004266024,2.88771605491638,696.336811919949,877.95361328125
2008,"Kohsan",2,0,0.108726598322392,0,0,0,0,0,0,0,2,0.791666686534882,3.54265308380127,732.382863441796,849.773559570312
2009,"Ghoryan",2,0,0.0704914033412933,0,0,0,0,0,0,0.00115737391857874,3,0.486111104488373,5.73324489593506,736.19239764559,873.063415527344
2010,"Zanda  Jan
",2,0,0.0382958017289639,0,0,0,0,0,0,0.00115737391857874,2,0.666666686534882,4.12311220169067,673.754191679752,1114.82873535156
2011,"Adraskan",2,0,0.365591287612915,0,1,0,0,0.0903848587284658,0.00816942268736472,0.0106747100486903,2,0,2.53724694252014,665.835132813402,1475.27880859375
2012,"Obe",2,0,0,0,0,0,0,0.0328249119198197,0.00107747484254392,0.00814405152545223,10,0.09375,6.43957901000977,542.71293720939,1986.49633789062
2013,"Farsi",2,0,0.0167832002043724,1,1,0,0,0.0242895312120476,0.000589981326501035,0.00388098047658053,0,0.100000001490116,1.74735701084137,546.189651491615,2483.74609375
2014,"Shindand",2,0,0.128774300217628,0,1,0.0112149742335967,0.000125775647060238,0.0953272809855719,0.00908729050010218,0.0273729172182584,32,0.098684199154377,4.0640230178833,644.270835523924,1341.36853027344
2015,"Chishti Sharif",2,0,0.0167578998953104,0,1,0,0,0,0,0.00870979091838812,1,0.458333313465118,3.59053897857666,477.01924239675,2437.806640625
2016,"Koshki Kohna",2,0,0.077361099421978,0,0,0.0127731865268429,0.00016315429404952,0.0255463730536857,0.000652617176198079,0.0459274197719093,8,0,3.45365691184998,598.815528883042,1310.29309082031
2101,"Farah",2,0,0.018300699070096,0,0,0.0141116371615853,0.000199138303380235,0.0917256415503045,0.00841359331781494,0.0604866224021018,5,0.511363625526428,3.4867799282074,691.595193574071,731.738403320312
2102,"Bakwa",2,0,0.462331503629684,1,0,0.0646997929606625,0.0041860632091526,1.39104554865424,1.93500771843079,0.110139199917139,7,0,3.5697660446167,637.612490040299,821.171325683594
2103,"Gulistan",2,0,0.31296581029892,0,0,0.0944867009968347,0.00892773666526524,0.779515283223886,0.607644076779616,0.0785088113834596,16,0,2.56580591201782,556.967893617663,1528.36657714844
2104,"Pur Chaman",2,1,0.499683111906052,1,1,0,0,0,0,0.0299826761274894,13,0.0416667014360428,3.49907302856445,515.020322681434,2109.91186523438
2105,"Bala Buluk",2,0,0.131016001105309,0,0,0.0733182623571821,0.00537556759507659,0.46434899492882,0.215619989091405,0.0407229698236439,9,0.025000000372529,3.03084397315979,624.922503798474,1064.22448730469
2106,"Khaki Safed",2,1,0.511122524738312,1,1,0.0598247135891837,0.00357899635602786,0.119649427178367,0.0143159854241114,0.0362726724457472,4,0.0750000029802322,2.29602694511414,685.526907234892,921.169982910156
2107,"Anar Dara",2,0,0,0,0,0.0310945273631841,0.000966869631939804,0.0310945273631841,0.000966869631939804,0.0177599219556951,0,0.333333313465118,2.88267588615417,750.724052952048,858.415222167969
2108,"Qala Ka",2,0,0.06137790158391,0,0,0,0,0,0,0.0385855023345776,1,0.166666701436043,2.38063406944275,764.422152357546,683.1240234375
2109,"Lash Wa Juwayn",2,0,0.0680249035358429,0,0,0,0,0.0231438622477319,0.00053563835974199,0.00352790929039633,0,0,2.91069197654724,794.088085700453,569.971801757812
2110,"Shib Koh",2,0,0.0576471015810966,0,0,0,0,0.0604010630587098,0.00364828841862224,0.00470387905386176,0,0,10.2600498199463,770.851873051879,592.562683105469
2111,"Pusht Rod",2,1,0.880857408046722,0,1,0.0878966335589347,0.00772581819099364,0.205092144970848,0.0420627879287432,0.0246454502502563,35,0.03125,2.69258999824524,696.257870766751,697.384338378906
2201,"Zaranj",1,0,0.0266325995326042,0,0,0,0,0,0,0,1,0.958333313465118,3.23134708404541,780.175635827129,481.617309570312
2202,"Kang",1,0,0.245345801115036,0,0,0,0,0,0,0,2,0,2.71504402160645,771.990937854929,472.443572998047
2203,"Chahar Burjak",1,0,0.188386097550392,0,0,0,0,0,0,0.0632724511747585,5,0,2.5922429561615,819.00524566545,549.775390625
2204,"Chakhansur",1,0,0.325158387422562,0,0,0,0,0,0,0.100584157331822,1,0,2.17924809455872,719.491226143215,576.528381347656
2205,"Khash Rod",1,0,0.407934993505478,0,0,0.258640199152953,0.0668947526178794,1.03456079661181,1.07031604188607,0.117223704095338,7,0.0500000007450581,3.09280395507812,656.931968985557,688.899658203125
2301,"Lashkar Gah",1,0,0.135250702500343,0,1,0.0599309296036318,0.00359171632315547,0.54686973263314,0.299066504470242,0.238375665841225,4,0.942857086658478,6.71061897277832,541.59838407855,852.903259277344
2302,"Nahri Sarraj",1,1,0.246142596006393,1,0,0.22511048185491,0.0506747290409499,2.02599433669419,4.10465305231694,0.171851750808272,4,0.102272696793079,6.79644107818604,519.78757995103,862.210021972656
2303,"Kajaki",1,0,0,0,0,0,0,0.318933024064946,0.101718273839212,0.14166737568884,6,0,7.14268493652344,445.292757934352,1318.99633789062
2304,"Musa Qala",1,1,0.180337995290756,0,1,0.300080891370717,0.0900485413658442,2.32236515930381,5.39337993314822,0.151930411024008,7,0,9.1109676361084,470.52312455828,1174.55908203125
2306,"Naw Zad",1,0,0.180147096514702,1,0,0.0743946138299587,0.00553455856690868,0.719147933689601,0.517173750530023,0.103279679037077,2,0,7.83441305160522,491.658908627121,1492.41662597656
2307,"Washer",1,0,0.120098002254963,0,0,0,0,1.0634526763559,1.13093159484853,0.210353644819929,1,0,8.73340129852295,552.577922691346,1100.75988769531
2308,"Nad Ali",1,1,0.196831792593002,1,0,0.399136228264986,0.159309728713599,2.7990707289865,7.83479694586902,0.158362635978958,36,0.0234375,7.92210578918457,590.426004465518,814.673278808594
2309,"Nawa-I- Barak Zayi",1,1,0.625855982303619,0,1,0.248131569283297,0.0615692756749915,1.48878941569978,2.21649392429969,0.159057733829109,1,0,8.70434856414795,590.940019179208,842.284912109375
2311,"Garmser",1,0,0.0295531991869211,0,1,0.131284205689529,0.0172355426635306,1.62464204540792,2.63946177570725,0.136901912822656,3,0.015625,6.58432483673096,623.855302279629,840.298034667969
2312,"Sangin",1,0,0,0,0,0.46014695943517,0.211735224277432,3.35044504838733,11.2254820222632,0.131297843306407,22,0.0625,7.07146787643433,471.310803848681,1069.27868652344
2313,"Reg(Khanshin)",1,0,0,0,0,0.253089804699034,0.0640544492425952,1.68726536466023,2.84686441078201,0.0262568411379059,4,NA,NA,695.520131140713,977.227600097656
2401,"Kandahar",1,0,0.120612099766731,0,1,0.0294004054583189,0.000864383841113548,0.212484748539669,0.0451497683619662,0.1686026421125,125,0.613372087478638,6.32503604888916,465.879577598574,994.368347167969
2402,"Daman",1,0,0.249390304088593,0,0,0.170218560631851,0.0289743583835792,0.817049091032886,0.667569217157666,0.0609641990855207,25,0.333333313465118,5.55390119552612,485.964025893793,1173.18005371094
2403,"Shah Wali Kot",1,1,0.749559879302979,1,NA,0.0726282342260554,0.00527486040679476,0.744439400817068,0.554190021488875,0.0544325878806945,21,0,5.66276979446411,400.632198707109,1554.05932617188
2404,"Arghandab",1,1,0.548776209354401,1,0,0.152301175574699,0.0231956480814353,0.885250583027938,0.783668594751304,0.186198323637779,26,0.200000002980232,6.05403900146484,450.067969570299,1153.99487304688
2405,"Khakrez",1,1,0.939024388790131,1,NA,0.025070196550341,0.000628514755072728,0.476333734456478,0.226893826581255,0.145767493248578,24,0,9.29756259918213,441.664949900242,1551.13635253906
2407,"Maywand",1,0,0.726769685745239,1,0,0.0811243839617093,0.00658116567316684,0.689557263674529,0.475489219886304,0.19687367460747,31,0,5.69426822662354,508.760860879751,1007.25463867188
2408,"Panjwayi",1,1,0.44276949763298,1,1,0.183288190130949,0.033594560641479,1.4459401665886,2.09074296535427,0.18113058192857,44,0,7.03044509887695,536.896449544845,1109.50524902344
2409,"Registan",1,1,0.817671000957489,1,NA,0,0,0.350017500875044,0.122512250918811,0.128116787720801,18,NA,NA,616.925588363229,1009.53289794922
2411,"Spin Boldak",1,1,0.493005990982056,1,1,0.0308199651734394,0.000949870253292015,0.215739756214075,0.0465436424113087,0.0473735456881388,228,0.03125,6.64490413665771,483.558364208056,1244.26489257812
2412,"Arghistan",1,0,0.520107090473175,0,0,0.0192756221207039,0.000371549608140171,0.0963781106035197,0.00928874020350428,0.0551736576192158,29,0,9.81700706481934,414.247739610524,1492.10131835938
2413,"Maruf",1,1,0.853600203990936,1,0,0,0,0.120290622143098,0.0144698337755735,0.101893186579336,18,0,6.23219203948975,386.689295576905,2031.8486328125
2415,"Nesh",1,0,0.593425571918488,0,0,0,0,0.286123032904149,0.0818663899582686,0.0645560228767975,0,0,6.54871606826782,400.426374245763,1775.41491699219
2416,"Zhari",1,1,0.50161612033844,1,0,0.636584354829159,0.405239640813256,4.16000473737194,17.305639414957,0.110445986554425,66,0.0113636003807187,6.4326810836792,476.07415871197,1058.19995117188
2501,"Qalat",1,0,0,0,0,0.276495735585001,0.0764498917966909,1.70151221898462,2.89514383135397,0.0424967402663484,7,0.25,4.9076509475708,327.63898341463,1768.52648925781
2502,"Shahjoy",1,0,0,0,0,0.0239443533228776,0.000573332056050801,0.442970536473236,0.196222896183387,0.0730206888331245,10,0,4.19261598587036,279.800690693291,2030.60815429688
2503,"Arghandab",1,0,0,0,0,0.113709585718076,0.0129298698841765,0.758063904787174,0.574660883741177,0.0685944933360916,5,0,4.70819616317749,302.136644743479,1983.91845703125
2504,"Daychopan",1,0,0,0,1,0.0425323777725794,0.0018090031589894,0.340259022180635,0.115776202175322,0.03057118781199,1,0,4.40659523010254,313.51208631267,2539.64819335938
2505,"Mizan",1,0,0.27660208940506,0,0,0,0,0.87502573605106,0.7656700387517,0.0842276555502855,1,0,7.78364610671997,359.82425711396,1706.59155273438
2506,"Tarnak Wa Jaldak",1,1,0.0360293984413147,1,1,0,0,0.381315538608198,0.14540153998406,0.1022413191424,1,0,5.35508918762207,381.706671563894,1503.76989746094
2507,"Shinkay",1,0,0,0,0,0.0748297622907885,0.00559949332449591,0.648524606520167,0.420584165262137,0.0835787798666892,4,0,4.3866810798645,345.829347173272,1997.77075195312
2508,"Atghar",1,0,0,0,0,0.27597626604112,0.0761628994179993,1.10390506416448,1.21860639068799,0.0374402860518402,0,0,4.08389091491699,353.240789900952,1959.84301757812
2509,"Shamulzayi",1,0,0.146362707018852,0,0,0.0374910958647321,0.00140558226913853,0.131218835526562,0.017218382796947,0.0551790277615697,12,0.025000000372529,3.35374188423157,328.170027368947,2160.06958007812
2510,"Kakar",1,0,0,1,0,0,0,0.0679001867255135,0.0046104353573596,0.0287220612313339,7,0,4.94734191894531,261.366283193469,2508.24389648438
2511,"Naw Bahar",1,0,0,0,0,0.0354471659990784,0.00125650157736622,0.638048987983411,0.407106511066655,0.0340663028695996,0,0,4.78736114501953,297.224480995718,2082.12329101562
2601,"Tirin Kot",1,1,0.053914301097393,0,1,0.0827913565823728,0.0068544087247496,1.09468571481137,1.19833681421209,0.0396454546639491,20,0,6.04874277114868,365.089019064507,1674.04321289062
2602,"Chora",1,0,0.15086729824543,0,0,0.0595120015869867,0.00354167833288951,0.337234675659591,0.11372722646723,0.0320162281416268,6,0,5.5959939956665,322.422991754395,2296.65478515625
2603,"Khas Uruzgan",1,0,0.081308901309967,0,0,0.0102055395668769,0.00010415303785109,0.112260935235646,0.0126025175799819,0.0211604619374829,17,0,4.26854705810547,285.497000659493,2732.51977539062
2604,"Shahidi Hassas",1,0,0.0720587968826294,0,0,0.0120420991787288,0.000145012152630342,0.216757785217119,0.0469839374522307,0.0352963499148592,38,0,5.35439586639404,385.591863040328,1630.28198242188
2605,"Dihrawud",1,1,0,1,0,0.0777343041484207,0.00604262204143918,0.492317259606664,0.242376284106616,0.0199839420519071,6,0.03125,5.22644710540771,405.545336513394,1418.1865234375
2701,"Chaghcharan",2,0,0.174036994576454,0,0,0.00704771301712594,4.96702587717665e-05,0.105715695256889,0.0111758082236475,0.00112363969369582,3,0.397727310657501,5.71957206726074,350.042308777266,2756.16333007812
2702,"Shahrak",2,0,0.0680093988776207,0,0,0.0210084033613445,0.000441353011792952,0.0420168067226891,0.00176541204717181,0.00328590674596655,0,0.25,2.85710597038269,446.013071772021,2623.05834960938
2703,"Tulak",2,0,0.0814049988985062,0,0,0,0,0,0,0.00420168067226891,0,0.375,3.42353510856628,504.165220251726,2488.73779296875
2704,"Saghar",2,0,0,1,0,0,0,0.0976419469804228,0.0095339498101277,0.00748758741823546,1,0,3.3106861114502,516.745821272876,2209.05810546875
2705,"Taywara",2,0,0.149562895298004,0,0,0.0164295337298327,0.000269929578579712,0.0246443005947491,0.000607341551804352,0.00420168067226891,18,0.347222208976746,4.05276012420654,455.504696609736,2545.19311523438
2706,"Pasaband",2,0,0.137125998735428,0,0,0,0,0.0257878178348548,0.000665011548683656,0.00462651751047649,1,0.112499997019768,3.26968598365784,389.870276197887,2607.76953125
2707,"Lal Wa Sarjangal",2,0,0.0340212993323803,0,1,0,0,0.00547507199719676,2.99764133744882e-05,0.00245149575148405,2,0.15625,3.29266500473022,264.678921595789,3147.48559570312
2708,"Charsada",2,0,0.343786299228668,0,1,0,0,0.0668627975394491,0.00447063369480135,0.00234923767237531,1,0.46875,2.25693106651306,376.842958647607,2417.57836914062
2709,"Dawlat Yar",2,0,0.188639894127846,0,0,0,0,0,0,0.00234923767237531,1,0.958333313465118,6.86700677871704,313.064799300385,2799.6748046875
2710,"Du Layna",2,0,0.180636793375015,0,0,0,0,0.0759555204472261,0.00576924108640898,0.00635509287261475,8,0.0625,2.79188704490662,385.416450119017,2795.24755859375
2801,"Bamyan",4,0,0.0291172992438078,0,0,0,0,0,0,0.0109167922097771,1,0.321428596973419,2.60661292076111,139.377972055675,3308.30712890625
2802,"Shibar",4,0,0.10323940217495,0,0,0.0436671688391083,0.00190682163442319,0.0873343376782166,0.00762728653769277,0.0122930163374187,0,0.333333313465118,1.62220203876495,111.885441964531,3133.35498046875
2803,"Kahmard",4,0,0.0194754004478455,0,0,0.086051114361931,0.00740479428293012,0.172102228723862,0.0296191771317205,0.00727786147318473,2,1,2.37261390686035,157.516691758204,2550.4970703125
2804,"Yakawlang",4,0,0,0,0,0,0,0,0,0.0106848746227993,4,0.3125,2.22076797485352,209.177776381087,3282.81884765625
2805,"Panjab",4,0,0.0404196009039879,0,0,0,0,0,0,0,0,0.25,2.82804989814758,205.348351856906,3212.892578125
2806,"Waras",4,0,0.0244452003389597,0,0,0,0,0,0,0,0,0.347222208976746,4.20450210571289,205.729032062569,2965.6318359375
2807,"Sayghan",4,0,0.0199999995529652,0,0,0,0,0,0,0.0324295708002598,1,0.4375,3.42843294143677,156.169606474656,2906.4619140625
2901,"Sharan",4,1,0.403186589479446,1,0,0.0148665725117074,0.000221014978245855,0.282464877722441,0.0797864071467536,0.019917796197295,58,0.4375,0.904661893844604,153.614027263771,2201.81103515625
2902,"Zarghun Shahr",4,1,0.887369871139526,1,NA,0,0,0.241954996370675,0.0585422202687334,0.016452469363115,55,0,0.80717271566391,197.215639999659,2172.5703125
2903,"Dila",4,1,0.563338279724121,1,0,0.143340404793303,0.020546471646308,0.544693538214552,0.296691050572688,0.0134528351742782,26,0,1.05999994277954,239.055655764683,2032.44982910156
2904,"Waza Khwa",4,1,0.916482210159302,1,0,0,0,0.119137444898932,0.014193730777046,0.0619293764641607,20,0.0208333004266024,1.06697905063629,265.336701248615,2289.0498046875
2905,"Wor Mayi",4,1,0.807946383953094,1,0,0,0,0,0,0.0842247115303629,23,0,1.47192394733429,290.622932647413,2035.81274414062
2906,"Gomal",4,0,0.414903193712234,1,0,0.252674134591089,0.0638442182913558,0.505348269182178,0.255376873165423,0.0330043169590779,51,0,2.22161602973938,239.221455857373,2009.32336425781
2907,"Omna",4,1,0.841283619403839,1,NA,0,0,0.0615006150061501,0.00378232564613469,0.0534267880079587,23,0,2.08367109298706,185.569599762591,2535.86767578125
2908,"Sarobi",4,0,0.63342410326004,0,0,0,0,0.0581293960355752,0.00337902668346075,0.134880290634184,43,NA,NA,198.380658947594,2429.34814453125
2909,"Barmal",4,1,0.656040787696838,1,NA,0.199195251185212,0.0396787480947396,1.09557388151866,1.20028212986587,0.0938821379803331,57,0,1.17543697357178,202.592842859253,2210.90380859375
2910,"Gayan",4,0,0.400326788425446,0,0,0.0670376080981431,0.00449404089952022,0.402225648588858,0.161785472382728,0.106588772669916,31,0,1.65145003795624,174.521131845569,2199.33154296875
2911,"Urgun",4,0,0.338787913322449,1,1,0.0558168092321003,0.00311551619285267,0.209313034620376,0.0438119464619907,0.0666970394655381,57,0,1.10633599758148,173.245281654266,2450.41845703125
2912,"Ziruk",4,1,0.566021203994751,0,0,0.0398311160678722,0.00158651780721231,0.438142276746594,0.191968654672689,0.0527666537144022,9,0,0.532138526439667,153.586358058364,2512.81811523438
2914,"Sar Hawza",4,1,0.898197174072266,1,NA,0.0318349675283331,0.00101346515753002,0.413854577868331,0.171275611622574,0.0467254738563968,26,0,1.66255605220795,164.174973420176,2637.37744140625
2915,"Mata Khan",4,1,0.902618288993835,1,NA,0,0,0.57023921535084,0.325172762723941,0.0199118031564866,41,0,2.93812108039856,139.988149865936,2138.931640625
2916,"Jani Khel",4,1,0.687985420227051,1,0,0,0,0.170777525677621,0.0291649632765704,0.0676916878142196,20,0,1.47093594074249,216.868447826548,2171.19262695312
2917,"Turwo",4,0,0.714653670787811,0,1,0,0,0.380336597889132,0.144655927693879,0.0124970319549107,1,0,1.1496809720993,302.663696207387,2181.6201171875
2918,"Yahya Khel",4,1,0.430523306131363,1,0,0.0360516259283294,0.00129971973207619,0.324464633354964,0.105277298298171,0,9,0.166666701436043,0.969001591205597,184.882786986034,2161.72216796875
2919,"Yosuf Khel",4,1,0.816606879234314,1,0,0,0,0.516625962802931,0.266902385442055,0.0214939811426027,15,0.0833332985639572,0.762948870658875,171.9653003205,2311.71875
3001,"Parun",4,0,0.625215411186218,0,0,0,0,0.0946252838758516,0.00895394434858551,0.12336573114931,8,1,2.95059704780579,177.978224994714,3973.814453125
3002,"Kamdesh",4,0,0.383766293525696,0,0,0.178102319782715,0.0317204363119845,3.33941849592591,11.1517158909321,0.21826093221636,11,0.5,1.75483405590057,222.355328547583,3230.96899414062
3003,"Waygal",4,1,0.898384571075439,0,0,0,0,0.0740795614489962,0.00548778142447561,0.114874633155397,50,0.833333313465118,2.64502191543579,186.604363565053,3254.73876953125
3005,"Bargi Matal",4,0,0.125012204051018,0,0,0.808823529411765,0.654195501730104,3.52941176470588,12.4567474048443,0.0593674399275717,30,0.200000002980232,2.01386690139771,234.660707288833,4083.79956054688
3006,"Wama",4,1,0.732854902744293,1,0,0,0,0,0,0.0585959239945436,12,0.5,2.63620901107788,165.371096711899,2910.82568359375
3007,"Du Ab",4,1,0.546799421310425,0,0,0,0,0.2460024600246,0.060517210338155,0.00537680660701996,0,0.1875,2.43060994148254,133.648609605504,3011.43994140625
3008,"Nurgaram",4,0,0.476405411958694,0,0,0,0,0.10482867064142,0.0109890501884474,0.0146464743369375,7,0.200000002980232,1.58113205432892,133.240670041205,2630.81640625
3101,"Sari Pul",3,0,0.0510216988623142,0,0,0,0,0.0118687318260044,0.00014086679515761,0.00144467960618034,3,0.541666686534882,4.32753419876099,341.880871825749,799.295288085938
3102,"Sangcharak",3,0,0.0296666007488966,0,0,0,0,0,0,0.00202255144865248,0,0.534090876579285,4.95118379592896,295.468187057707,1900.46484375
3103,"Kohistanat",3,0,0.112852796912193,0,0,0.0101127572432624,0.000102267859061156,0,0,0.000640701183375086,3,0.890625,3.48178911209106,310.949908542717,2794.9501953125
3104,"Balkhab",3,0,0.0132074998691678,0,0,0,0,0,0,0.00168545954054373,0,0.800000011920929,3.0829598903656,255.278803495567,2878.04296875
3105,"Sozma Qala",3,1,0.0314684994518757,0,0,0,0,0,0,0.00252818931081559,0,0.300000011920929,3.17689895629883,313.615103866737,1100.03735351562
3106,"Sayyad",3,0,0.0453027002513409,0,0,0,0,0.0425537950892921,0.00181082547650146,0.0156799591830137,0,0,2.44124102592468,358.919994665029,1131.21887207031
3107,"Gosfandi",3,0,0.0844376012682915,0,0,0,0,0,0,0,0,0.28125,5.4425802230835,299.183144846597,1390.15637207031
3201,"Khost(Matun)",4,0,0.0877425968647003,1,1,0.0233991108337883,0.00054751838781191,0.335387255284299,0.112484611007136,0.0289419396278001,94,0.524999976158142,2.52669310569763,153.714792709946,1202.76159667969
3202,"Jaji Maidan",4,0,0.381853014230728,0,0,0,0,0,0,0.0447101504815921,9,0.9375,1.83609402179718,130.059836501062,1570.71997070312
3203,"Tani",4,0,0.269295811653137,0,1,0,0,0.0424911122756823,0.00180549462242464,0.026228017106128,33,0.100000001490116,1.56126403808594,159.104607235626,1810.9765625
3204,"Spira",4,1,0.939024388790131,0,0,0.0647542575924367,0.00419311387634765,0.161885643981092,0.0262069617271728,0.0269935722349169,5,0.25,3.03846406936646,155.973242709779,2305.263671875
3205,"Mosa Khail",4,1,0.857902884483337,1,0,0,0,0,0,0.0450537276302618,7,0.166666701436043,2.31476807594299,116.626423607455,2472.29077148438
3206,"Mando Zayi",4,0,0.0351505987346172,0,1,0,0,0.171191000244559,0.0293063585647325,0.00779970361126276,18,0.699999988079071,1.77852702140808,146.374526860129,1280.66394042969
3207,"Tere Zayi",4,1,0.78882509469986,1,0,0.0254764088454091,0.000649047407658441,0.636910221135229,0.405654629786526,0.0525098540928549,66,0,1.3782160282135,158.958910343304,1100.658203125
3208,"Nadir Shah Kot",4,0,0.286731392145157,0,1,0,0,0.116931711880262,0.0136730252432486,0.0143028550840659,16,0,2.83963108062744,136.638971415608,1844.59814453125
3209,"Sabri",4,0,0.39820659160614,0,0,0.134130451444777,0.0179909780047796,1.11136659768529,1.23513571445058,0.027789685591053,36,0.229166701436043,2.91022300720215,129.722125855927,1455.76477050781
3210,"Bak",4,1,0.939024388790131,1,NA,0,0,0.614010605637734,0.377009023835617,0.0532022867633952,24,0.0625,2.07439494132996,139.574152358091,1255.77783203125
3211,"Gurbuz",4,0,0.180147096514702,0,0,0.0429867171044147,0.00184785784741498,0.257920302626488,0.0665228825069394,0.0116995554168942,10,0.125,2.01464796066284,163.835627060215,1448.94226074219
3212,"Qalandar",4,1,0.680416107177734,1,0,0,0,0,0,0.00875649074876751,8,0,1.60034799575806,124.359225309307,2419.07348632812
3213,"Shamal",4,1,0,0,0,0,0,0.250532381310284,0.0627664740850017,0.0303412432795797,15,NA,NA,139.552944021423,2033.69201660156
3301,"Bazarak",4,0,0.169245406985283,0,0,0,0,0,0,0,0,0.649999976158142,2.87619590759277,98.0315696937497,3303.12841796875
3302,"Dara",4,0,0.0464431010186672,1,0,0,0,0,0,0.00457665437918258,7,0.486111104488373,3.69485998153687,95.5854768207274,3782.52392578125
3303,"Khenj (Hese- Awal)",4,0,0,0,0,0,0,0.0388825164764664,0.00151185008754268,0,22,0.65625,2.69740891456604,114.503388312986,3500.87255859375
3304,"Paryan",4,1,0.0360293984413147,1,0,0,0,0,0,0,2,0.5625,3.89064002037048,147.679747741758,3920.18408203125
3305,"Shutul",4,0,0.0313299000263214,0,0,0,0,0,0,0,5,0.449999988079071,2.7909209728241,85.5271059949314,3230.56005859375
3306,"Unaba",4,0,0.0524660982191563,0,0,0,0,0,0,0,1,0.375,4.60292720794678,79.4462774888438,2439.14672851562
3307,"Rukha",4,0,0.0442491993308067,0,0,0,0,0,0,0.000992116641169271,0,0.4375,2.6815550327301,85.2534936492596,3154.27490234375
3401,"Nili",1,0,0.032251100987196,0,0,0,0,0,0,0,0,0.666666686534882,4.34155082702637,296.575953290034,2588.728515625
3402,"Gizab",1,0,0.0491118989884853,0,0,0,0,0.0115050967578637,0.000132367251407807,0.0157988603232425,0,0.0625,7.71835613250732,295.642456198889,2292.94506835938
3403,"Ishtarlay",1,0,0.033797200769186,0,1,0,0,0,0,0,0,0.0500000007450581,3.08805990219116,268.580598673407,2746.45971679688
3404,"Kajran",1,0,0.0558144003152847,1,0,0.0159560888435027,0.000254596771181751,0.0159560888435027,0.000254596771181751,0.0220493510497269,0,NA,NA,359.011264131203,1883.83557128906
3405,"Khadir",1,0,0.0205882005393505,0,1,0,0,0,0,0,0,0.1875,2.38516592979431,321.655979410032,2706.3486328125
3406,"Gaiti",1,0,0.0547964014112949,0,0,0,0,0,0,0.00319121776870054,1,0.472222208976746,3.25446391105652,336.31789061407,2219.56518554688
3407,"Miramor",1,0,0.0743628963828087,0,1,0,0,0,0,0.00498367845306621,0,0.574999988079071,3.68661189079285,218.775449415079,2854.51611328125
3408,"Sangi Takht",1,0,0,0,0,0,0,0,0,0.00117461883618766,0,0.200000002980232,2.67455792427063,301.549655000666,2869.4384765625
3409,"Shahristan",1,0,0.0936568006873131,0,0,0,0,0,0,0.00498367845306621,3,0.625,3.64621210098267,264.249374016916,2491.4306640625
