ID,Date1,Date2,gender,age,att1,att2,att3,att1_T2,att2_T2,att3_T2,pos,neg,moral,cert1,cert2,cert3,cert4,cert5,cert6,cert7,subj1,subj2,subj3,imp1,imp2,imp3,eas,know,topic
48586,1/7/2013,2/6/2013,Female,19,3,6,4,2,6,2,3,5,3,4,2,2,2,2,2,1,5,7,7,2,2,2,7,1,Organic Foods
28109,1/7/2013,NA,Male,18,4,4,5,NA,NA,NA,6,2,2,1,2,2,2,2,3,3,2,3,3,1,1,1,2,2,Organic Foods
12578,1/7/2013,NA,NA,NA,2,2,2,NA,NA,NA,2,2,2,2,2,2,2,2,2,2,2,2,4,1,2,2,2,1,Organic Foods
34029,1/7/2013,2/6/2013,Female,18,5,5,5,5,5,5,6,3,5,4,3,4,4,3,4,4,5,5,6,3,3,4,3,4,Organic Foods
71450,1/7/2013,NA,Male,19,4,4,4,NA,NA,NA,1,1,1,7,7,7,7,1,1,1,1,1,1,1,1,1,7,6,Organic Foods
83273,1/7/2013,2/6/2013,Female,18,7,7,7,7,7,7,7,1,1,6,6,6,7,1,1,1,1,1,2,6,7,7,7,6,Organic Foods
85497,1/7/2013,2/7/2013,Male,19,5,7,4,4,6,5,2,1,2,3,3,3,2,4,4,4,1,2,2,4,3,5,1,3,Organic Foods
65477,1/7/2013,2/6/2013,NA,NA,5,5,5,5,4,4,3,3,2,2,2,2,2,2,5,2,3,5,5,2,1,2,4,2,Organic Foods
42655,1/7/2013,2/7/2013,Female,35,7,7,7,7,7,7,2,2,1,5,5,5,5,5,1,3,1,1,3,5,5,3,1,5,Organic Foods
89177,1/7/2013,2/7/2013,Female,23,5,5,5,6,6,5,6,3,3,3,3,3,3,3,2,2,2,2,5,4,4,4,2,2,Organic Foods
13275,1/7/2013,2/6/2013,Female,18,7,7,7,7,7,7,7,1,3,5,7,4,7,7,4,1,1,2,1,4,3,2,1,2,Organic Foods
49734,1/7/2013,2/6/2013,Male,20,5,4,4,4,4,4,1,1,1,5,5,5,5,3,3,3,1,2,4,1,1,1,1,3,Organic Foods
20557,1/7/2013,NA,Male,19,5,7,7,NA,NA,NA,7,3,1,4,4,3,3,7,5,4,5,6,5,3,3,4,3,2,Organic Foods
81533,1/7/2013,2/6/2013,Female,18,5,5,5,5,6,5,6,2,5,3,3,4,4,2,2,2,4,7,6,2,2,2,3,2,Organic Foods
92871,1/7/2013,2/7/2013,Female,18,3,4,4,4,6,4,1,2,1,5,5,5,5,1,1,1,1,1,3,1,1,1,3,5,Organic Foods
54273,1/7/2013,NA,Male,18,4,5,5,NA,NA,NA,5,3,1,1,3,2,2,4,1,4,5,4,5,4,4,4,1,4,Organic Foods
13348,1/7/2013,NA,Female,19,7,7,7,NA,NA,NA,6,2,4,5,3,3,4,4,4,4,4,4,4,5,3,5,3,6,Organic Foods
55092,1/7/2013,2/6/2013,Female,18,3,6,5,4,4,4,5,3,1,2,3,3,3,1,1,1,1,1,4,1,1,1,7,1,Organic Foods
29838,1/7/2013,2/6/2013,Female,19,7,7,7,6,6,6,5,1,1,5,4,5,4,5,4,3,1,1,3,5,4,4,1,3,Organic Foods
77963,1/7/2013,NA,Male,21,4,4,4,NA,NA,NA,2,2,2,3,2,2,2,2,1,2,1,5,4,1,1,1,6,2,Organic Foods
66216,1/7/2013,2/6/2013,Female,18,7,7,7,5,5,5,6,2,7,6,6,6,6,4,4,4,4,4,4,3,3,3,4,5,Organic Foods
39121,1/7/2013,NA,Male,19,2,7,5,NA,NA,NA,4,1,3,1,1,3,4,4,2,4,4,4,1,1,1,NA,2,2,Organic Foods
14422,1/7/2013,2/6/2013,Female,19,6,6,6,6,6,6,6,2,4,2,3,2,2,2,2,2,1,3,3,5,5,5,2,4,Organic Foods
72646,1/7/2013,NA,Male,21,2,4,5,NA,NA,NA,6,5,1,2,2,2,2,2,2,2,1,1,3,2,1,1,5,2,Organic Foods
63542,1/7/2013,NA,Male,20,3,6,3,NA,NA,NA,6,5,1,5,6,6,6,4,2,3,2,3,3,1,1,1,2,5,Organic Foods
82344,1/7/2013,2/6/2013,Female,19,7,7,7,7,7,7,7,1,4,7,4,7,7,4,4,4,1,1,3,5,5,5,1,5,Organic Foods
15654,1/7/2013,2/6/2013,Male,20,2,6,2,4,6,4,3,5,1,3,6,5,7,5,2,3,1,1,1,1,1,NA,4,1,Organic Foods
25099,1/7/2013,2/6/2013,Female,18,7,7,7,7,7,6,7,1,1,6,5,6,7,7,1,7,1,1,5,5,6,5,3,6,Organic Foods
48492,1/7/2013,2/6/2013,Female,18,5,6,6,5,6,4,7,2,3,5,4,5,6,4,5,2,2,3,2,5,4,1,6,5,Organic Foods
84472,1/8/2013,2/7/2013,Female,23,7,7,7,7,7,7,6,3,7,5,7,5,7,6,5,4,6,7,5,4,4,6,2,6,Organic Foods
85173,1/8/2013,NA,Female,21,4,4,4,NA,NA,NA,4,1,2,1,1,1,1,1,1,1,4,7,4,4,2,2,4,2,Organic Foods
41282,1/8/2013,NA,NA,NA,5,5,4,NA,NA,NA,5,2,2,5,3,3,5,4,4,5,2,3,4,1,1,1,5,5,Organic Foods
99537,1/8/2013,2/7/2013,Male,19,6,6,5,NA,NA,NA,5,1,1,4,5,4,5,4,4,4,1,1,5,3,1,1,5,3,Organic Foods
37286,1/8/2013,2/7/2013,Female,21,4,6,4,4,4,4,2,1,1,1,1,1,1,1,3,1,1,4,4,1,1,1,4,1,Organic Foods
41850,1/8/2013,2/7/2013,Female,18,4,4,4,6,6,4,1,1,1,1,7,1,7,1,1,1,1,1,7,1,1,1,4,1,Organic Foods
46977,1/8/2013,2/11/2013,Male,18,6,6,6,7,7,7,6,2,4,3,6,5,6,6,5,6,2,2,2,4,4,4,3,3,Organic Foods
67304,1/8/2013,2/7/2013,Female,19,7,7,7,7,6,6,7,1,5,7,7,7,7,5,4,5,1,1,2,7,7,7,1,6,Organic Foods
30895,1/8/2013,NA,Female,22,4,4,3,NA,NA,NA,4,4,2,5,5,5,5,4,3,1,1,2,3,1,1,1,NA,4,Organic Foods
63816,1/8/2013,NA,Male,21,5,7,7,NA,NA,NA,6,2,6,7,6,6,7,4,2,6,2,2,2,5,5,6,2,5,Organic Foods
66875,1/8/2013,NA,Male,18,7,7,7,NA,NA,NA,7,3,1,1,1,1,1,1,1,1,1,1,7,6,4,4,1,3,Organic Foods
14992,1/8/2013,2/7/2013,Female,19,5,5,5,5,5,4,4,3,1,4,6,6,6,4,5,3,1,3,3,2,2,2,3,3,Organic Foods
44377,1/8/2013,NA,Male,20,5,5,5,NA,NA,NA,5,3,1,2,3,2,3,3,4,4,1,1,5,2,2,2,6,2,Organic Foods
52373,1/8/2013,NA,Female,20,7,7,7,NA,NA,NA,6,2,2,6,6,6,6,6,5,6,2,2,2,5,5,4,3,6,Organic Foods
33320,1/8/2013,NA,NA,NA,7,7,7,NA,NA,NA,7,1,1,7,4,5,4,6,3,2,2,1,3,5,3,1,3,5,Organic Foods
98852,1/8/2013,2/7/2013,Male,19,4,4,4,4,4,4,4,4,1,4,4,4,4,4,1,1,4,5,4,1,1,1,4,1,Organic Foods
61492,1/8/2013,NA,Male,19,4,4,4,NA,NA,NA,4,4,1,1,1,1,1,1,1,1,4,7,7,1,1,1,4,1,Organic Foods
98924,1/8/2013,NA,Male,21,7,7,7,NA,NA,NA,6,1,4,6,6,6,6,6,1,2,1,1,1,4,3,3,3,5,Organic Foods
59803,1/8/2013,2/7/2013,Female,19,7,7,7,7,7,7,7,1,1,7,7,7,7,7,1,4,1,1,1,5,5,5,4,5,Organic Foods
82866,1/8/2013,2/7/2013,Female,18,6,7,6,7,6,6,5,3,6,5,5,5,5,4,5,5,2,2,2,5,5,5,3,4,Organic Foods
89563,1/8/2013,NA,Male,19,4,3,5,NA,NA,NA,5,4,2,3,2,3,2,2,1,1,3,6,7,2,2,1,3,2,Organic Foods
23366,1/8/2013,2/7/2013,Female,19,5,7,6,6,6,6,6,2,5,5,6,6,7,4,5,4,2,2,3,4,3,3,4,5,Organic Foods
45072,1/8/2013,2/7/2013,Female,19,7,7,6,NA,NA,NA,7,1,5,6,6,7,7,7,4,7,1,1,2,5,3,4,6,5,Organic Foods
52041,1/8/2013,NA,Male,22,6,6,6,NA,NA,NA,4,4,2,5,7,5,7,4,4,4,1,1,4,4,2,2,1,3,Organic Foods
97062,1/8/2013,NA,Male,19,5,5,4,NA,NA,NA,2,2,2,5,5,5,5,5,2,3,2,3,3,1,1,1,7,5,Organic Foods
54881,1/8/2013,NA,Male,19,7,7,7,NA,NA,NA,7,1,1,7,7,7,7,4,7,4,1,1,1,1,1,1,1,7,Organic Foods
57743,1/8/2013,NA,Female,18,7,7,7,NA,NA,NA,6,2,1,6,6,6,6,4,5,5,2,2,2,3,3,4,5,5,Organic Foods
16521,1/8/2013,2/7/2013,Female,18,6,5,5,NA,NA,NA,4,1,2,6,6,6,6,4,5,5,1,2,2,4,5,5,2,5,Organic Foods
87296,1/8/2013,2/7/2013,Female,19,5,6,6,6,6,7,6,2,5,3,2,1,1,1,1,1,1,1,5,4,4,4,6,1,Organic Foods
79830,1/8/2013,2/7/2013,Female,19,7,7,7,7,7,7,6,2,7,7,7,7,7,5,3,5,2,2,2,7,7,7,1,6,Organic Foods
68143,1/8/2013,2/7/2013,Female,18,5,4,4,NA,NA,NA,4,2,3,1,1,1,7,1,2,4,4,5,5,2,1,1,3,2,Organic Foods
88768,1/8/2013,2/7/2013,Female,18,5,6,6,5,5,4,6,2,1,3,3,3,3,2,4,2,1,6,4,3,3,2,2,1,Organic Foods
40613,1/8/2013,NA,Male,18,4,2,2,NA,NA,NA,2,6,2,5,5,5,5,3,4,5,4,2,2,1,1,1,2,5,Organic Foods
51118,1/8/2013,2/7/2013,Female,19,4,5,5,5,5,5,5,5,4,4,4,3,2,1,1,1,5,4,5,3,2,1,4,2,Organic Foods
50595,1/8/2013,NA,Female,19,5,5,5,NA,NA,NA,5,2,3,4,4,4,4,4,2,4,2,5,5,4,5,5,4,2,Organic Foods
49394,1/8/2013,NA,Female,18,7,7,7,NA,NA,NA,6,2,6,6,7,7,7,6,6,5,2,2,2,3,4,4,5,5,Organic Foods
30259,1/8/2013,NA,Female,20,4,4,4,NA,NA,NA,4,4,4,4,4,4,4,4,4,4,4,4,4,4,4,4,4,4,Organic Foods
23349,1/8/2013,2/7/2013,Female,19,4,4,4,4,4,4,1,1,1,1,7,1,7,1,4,1,1,7,7,1,1,1,7,5,Organic Foods
57693,1/8/2013,2/11/2013,Female,19,5,5,5,6,6,4,5,2,3,4,4,4,4,4,2,4,2,5,5,4,5,5,4,2,Organic Foods
85898,1/8/2013,2/7/2013,Female,19,7,7,7,6,6,6,7,1,1,7,7,7,7,7,5,7,1,1,1,7,5,5,1,6,Organic Foods
95374,1/8/2013,2/7/2013,Male,19,7,7,7,NA,NA,NA,1,1,5,6,7,7,7,7,4,4,1,1,1,5,4,4,2,5,Organic Foods
94682,1/8/2013,NA,Female,20,7,7,7,NA,NA,NA,7,1,1,6,6,5,6,2,1,1,2,3,2,4,4,4,1,3,Organic Foods
36674,1/8/2013,NA,Male,19,7,7,4,NA,NA,NA,5,5,2,4,3,3,3,3,5,7,3,2,7,2,2,2,2,5,Organic Foods
36554,1/8/2013,2/8/2013,Female,18,4,4,4,4,6,5,5,4,1,3,4,3,3,3,2,2,4,4,4,1,1,1,1,2,Organic Foods
64491,1/8/2013,2/7/2013,Male,18,7,6,4,5,5,5,5,6,5,5,4,4,4,4,4,4,4,6,5,5,4,5,5,2,Organic Foods
96838,1/8/2013,2/7/2013,Female,19,7,7,7,7,7,7,2,2,4,5,5,5,5,5,7,2,5,1,4,5,5,4,4,3,Organic Foods
78487,1/8/2013,NA,NA,NA,4,4,5,NA,NA,NA,4,4,1,4,4,4,1,1,4,1,4,7,7,1,1,1,7,1,Organic Foods
87433,1/8/2013,2/7/2013,Female,27,7,7,7,NA,NA,NA,7,1,3,7,7,7,7,7,2,4,1,1,4,3,5,3,5,6,Organic Foods
76258,1/8/2013,2/7/2013,Male,19,4,4,4,5,6,4,5,1,1,2,2,3,6,2,4,4,1,4,6,1,1,1,2,3,Organic Foods
33830,1/8/2013,NA,Female,19,6,7,5,NA,NA,NA,6,2,6,5,5,5,6,5,5,5,2,2,2,6,4,1,6,6,Organic Foods
86599,1/8/2013,NA,Male,18,5,5,4,NA,NA,NA,4,2,1,3,7,3,7,4,1,3,1,2,4,1,1,1,1,4,Organic Foods
42059,1/8/2013,2/7/2013,Female,20,6,6,4,6,5,5,1,1,1,1,1,1,1,1,2,1,1,5,4,1,1,1,7,1,Organic Foods
68265,1/8/2013,2/7/2013,Female,18,6,5,4,NA,NA,NA,1,1,1,7,7,7,7,7,4,7,1,1,4,2,1,1,1,5,Organic Foods
60121,1/8/2013,NA,Male,18,7,7,7,NA,NA,NA,7,1,2,7,7,7,7,5,5,5,1,1,1,3,3,3,7,6,Organic Foods
32439,1/8/2013,2/7/2013,Female,20,5,5,5,6,6,5,5,3,3,6,6,6,6,6,4,5,5,4,5,3,4,5,3,4,Organic Foods
31977,1/8/2013,NA,Female,18,5,5,5,NA,NA,NA,5,2,2,2,2,2,3,2,2,3,1,1,1,2,2,2,2,2,Organic Foods
51636,1/8/2013,2/7/2013,Male,21,7,7,7,7,6,7,7,1,4,7,7,7,7,7,7,7,1,1,1,6,4,1,4,7,Organic Foods
72600,1/8/2013,NA,Female,18,7,7,7,NA,NA,NA,6,1,5,7,7,7,7,7,4,4,1,1,2,4,2,2,7,4,Organic Foods
62242,1/8/2013,NA,Female,19,7,7,7,NA,NA,NA,7,1,6,6,7,6,7,5,5,5,1,1,2,5,5,5,4,5,Organic Foods
33296,1/8/2013,NA,Male,18,4,4,4,NA,NA,NA,1,1,1,7,7,7,7,7,1,7,1,1,1,1,1,1,1,1,Organic Foods
71242,1/8/2013,NA,Female,20,7,7,7,NA,NA,NA,7,1,4,7,7,7,7,7,5,5,1,1,1,6,6,6,3,6,Organic Foods
30294,1/8/2013,2/14/2013,Male,20,7,7,7,7,7,7,7,1,7,7,7,7,7,7,5,6,1,2,2,6,6,4,6,5,Organic Foods
85374,1/8/2013,NA,Male,19,5,6,5,NA,NA,NA,7,2,1,3,4,5,5,5,3,4,2,2,2,2,2,2,7,5,Organic Foods
34567,1/8/2013,NA,Male,19,4,4,4,NA,NA,NA,1,1,4,7,7,7,7,7,4,1,1,1,4,1,1,1,1,4,Organic Foods
77453,1/8/2013,NA,Female,20,5,5,5,NA,NA,NA,4,2,2,3,3,3,3,3,3,3,2,2,2,2,2,2,NA,4,Organic Foods
50160,1/8/2013,2/7/2013,Male,19,2,6,4,4,5,4,1,1,1,1,1,1,1,1,4,1,1,1,4,4,1,1,1,1,Organic Foods
39752,1/8/2013,NA,Female,20,7,7,7,NA,NA,NA,7,3,3,7,7,7,7,7,6,6,2,1,1,6,6,4,5,5,Organic Foods
17653,1/8/2013,2/7/2013,Female,18,5,5,5,7,7,7,6,2,3,5,5,5,5,4,1,1,1,5,5,2,2,2,2,1,Organic Foods
34045,1/8/2013,2/7/2013,Female,19,4,4,3,NA,NA,NA,5,2,1,2,7,2,3,1,1,1,5,5,5,1,1,1,7,1,Organic Foods
65220,1/8/2013,2/7/2013,Male,19,3,5,4,6,6,5,3,6,2,5,7,6,7,5,5,3,2,2,2,2,1,1,4,3,Organic Foods
17122,1/8/2013,2/7/2013,Male,20,1,1,1,2,2,2,1,5,1,3,3,3,3,3,2,1,1,1,1,1,1,1,1,2,Organic Foods
19474,1/8/2013,NA,Female,19,7,7,7,NA,NA,NA,5,1,5,6,6,6,6,6,4,4,2,2,2,5,5,5,1,5,Organic Foods
53669,1/8/2013,NA,Male,19,6,6,4,NA,NA,NA,6,2,1,7,7,7,7,7,1,4,1,1,5,2,4,4,2,4,Organic Foods
97539,1/8/2013,NA,Female,18,3,3,2,NA,NA,NA,2,5,2,4,4,4,2,1,4,1,2,4,7,3,1,3,2,1,Organic Foods
90289,1/8/2013,2/7/2013,Female,18,4,6,5,5,5,4,5,3,2,3,5,5,2,6,4,4,4,4,5,2,2,2,5,2,Organic Foods
35860,1/8/2013,2/7/2013,Female,19,3,3,4,4,5,2,3,4,3,3,3,2,4,4,4,7,5,5,5,5,5,5,3,5,Organic Foods
97201,1/8/2013,NA,Male,18,4,6,5,NA,NA,NA,6,3,1,4,4,4,4,5,4,4,3,3,4,1,1,1,3,7,Organic Foods
10362,1/8/2013,NA,Male,18,7,7,7,NA,NA,NA,5,1,1,5,5,5,5,5,4,4,1,1,2,5,5,5,3,4,Organic Foods
80584,1/8/2013,2/7/2013,NA,NA,5,6,5,7,7,6,6,3,NA,5,5,5,5,4,5,4,2,2,2,4,4,4,4,4,Organic Foods
31357,1/8/2013,NA,Male,19,6,6,6,NA,NA,NA,6,1,2,5,6,7,6,1,4,5,2,3,2,2,3,3,5,6,Organic Foods
60879,1/9/2013,NA,Male,19,4,2,2,NA,NA,NA,4,5,2,3,6,5,6,5,4,5,2,2,3,4,4,6,2,7,Organic Foods
27360,1/9/2013,NA,Male,29,3,4,4,NA,NA,NA,4,4,2,6,5,5,5,3,4,4,1,3,3,3,1,2,2,3,Organic Foods
55694,1/9/2013,2/8/2013,Female,19,5,5,5,7,7,7,4,2,2,6,6,6,6,3,3,4,3,3,3,2,2,2,6,5,Organic Foods
20035,1/9/2013,2/8/2013,Male,18,3,3,4,5,5,4,3,5,2,4,4,4,4,3,3,3,2,5,5,2,2,2,3,2,Organic Foods
13294,1/9/2013,NA,Female,19,6,6,5,NA,NA,NA,5,3,5,3,3,3,3,5,5,5,3,4,5,3,3,3,3,3,Organic Foods
11921,1/9/2013,NA,NA,NA,1,1,1,NA,NA,NA,2,5,1,2,3,2,2,1,1,1,1,6,2,2,2,1,4,2,Organic Foods
86849,1/9/2013,NA,Female,19,4,4,4,NA,NA,NA,4,4,1,1,1,1,1,1,4,1,1,4,4,1,1,1,7,1,Organic Foods
10143,1/9/2013,NA,Male,18,5,5,5,NA,NA,NA,5,3,5,4,5,5,6,5,4,4,2,3,5,4,5,4,2,3,Organic Foods
93260,1/9/2013,NA,Male,18,7,7,7,NA,NA,NA,7,6,1,6,6,6,6,4,6,7,1,1,1,4,1,1,4,4,Organic Foods
19003,1/9/2013,2/8/2013,Male,18,4,2,2,4,5,4,2,6,1,7,7,6,7,7,3,5,2,2,2,1,3,3,2,5,Organic Foods
39433,1/9/2013,NA,Female,19,7,7,7,NA,NA,NA,7,1,NA,6,6,5,6,5,5,5,1,6,2,5,5,4,2,5,Organic Foods
47671,1/9/2013,NA,Male,20,6,7,6,NA,NA,NA,6,1,3,5,5,5,4,6,6,2,1,2,3,5,4,3,3,5,Organic Foods
46302,1/9/2013,2/8/2013,Male,19,4,4,4,3,5,4,4,4,1,1,2,2,2,2,2,2,5,5,6,1,1,1,5,1,Organic Foods
40994,1/9/2013,2/8/2013,Female,24,5,5,5,5,5,5,5,4,2,4,4,5,4,7,6,5,3,4,5,5,5,5,3,6,Organic Foods
29595,1/9/2013,NA,Male,20,7,7,7,NA,NA,NA,7,2,6,6,3,6,7,7,7,5,1,1,3,6,6,4,1,4,Organic Foods
39916,1/9/2013,NA,Male,18,5,6,5,NA,NA,NA,5,2,2,4,3,4,1,3,2,5,1,2,5,4,4,4,2,4,Organic Foods
21966,1/9/2013,NA,Female,19,4,4,4,NA,NA,NA,4,4,4,4,4,5,6,4,4,5,1,1,4,2,1,1,4,4,Organic Foods
78584,1/9/2013,2/8/2013,Male,19,7,7,7,7,7,7,4,1,3,6,6,6,6,4,4,4,1,1,4,2,4,4,1,3,Organic Foods
98191,1/9/2013,2/8/2013,Female,18,4,5,5,6,6,6,5,3,3,3,3,2,3,3,2,4,4,4,6,2,3,3,6,2,Organic Foods
32089,1/9/2013,2/10/2013,Female,18,6,7,7,6,5,6,6,3,1,5,6,7,6,6,4,5,2,2,4,1,1,1,4,4,Organic Foods
39740,1/9/2013,2/8/2013,Male,20,6,6,6,6,5,6,4,1,2,4,5,4,5,7,4,5,2,1,1,5,2,2,5,5,Organic Foods
87365,1/9/2013,NA,NA,NA,7,7,5,NA,NA,NA,6,1,1,4,4,4,4,4,3,4,4,5,4,1,1,1,7,2,Organic Foods
10946,1/9/2013,NA,Female,18,7,7,7,NA,NA,NA,7,1,7,7,7,7,7,7,7,7,1,1,1,7,7,7,1,6,Organic Foods
57043,1/9/2013,NA,Male,18,5,5,5,NA,NA,NA,5,2,2,6,4,5,5,5,5,5,2,4,4,3,1,1,4,4,Organic Foods
84722,1/9/2013,NA,Female,19,4,4,4,NA,NA,NA,4,3,5,5,5,4,4,4,4,4,6,6,6,5,5,5,4,5,Organic Foods
26159,1/9/2013,2/8/2013,Female,18,1,5,4,3,5,4,3,3,NA,2,1,2,2,1,3,1,1,1,4,1,1,1,7,4,Organic Foods
68025,1/9/2013,NA,Male,19,3,6,5,NA,NA,NA,4,3,1,2,2,3,3,3,1,4,1,1,4,1,1,1,3,2,Organic Foods
34114,1/9/2013,NA,Female,19,7,7,7,NA,NA,NA,7,3,5,7,6,7,6,5,5,6,1,1,1,6,6,6,4,7,Organic Foods
35820,1/9/2013,NA,Male,19,7,7,7,NA,NA,NA,5,2,6,3,4,3,3,5,5,5,5,5,5,5,5,5,5,2,Organic Foods
29333,1/9/2013,NA,Male,25,7,7,7,NA,NA,NA,7,1,1,2,2,2,2,5,5,5,1,1,1,1,1,1,7,1,Organic Foods
18340,1/9/2013,2/8/2013,Female,43,6,6,6,6,6,7,6,2,6,6,6,6,6,6,5,5,2,2,2,6,6,6,2,5,Organic Foods
60404,1/9/2013,2/8/2013,Female,19,4,4,5,5,5,5,6,2,5,5,5,5,5,5,5,5,2,2,1,4,3,3,4,5,Organic Foods
99578,1/9/2013,NA,NA,NA,7,7,5,NA,NA,NA,5,3,1,4,4,4,4,5,5,5,1,3,7,2,2,3,2,3,Organic Foods
30634,1/9/2013,NA,Female,19,6,6,6,NA,NA,NA,6,3,3,2,3,3,3,1,2,1,4,5,5,2,2,2,6,1,Organic Foods
58603,1/9/2013,NA,Female,18,6,5,6,NA,NA,NA,5,3,1,4,5,5,5,4,3,3,3,5,5,5,5,4,4,3,Organic Foods
88750,1/9/2013,2/10/2013,Female,19,5,5,5,5,6,5,6,2,NA,3,1,2,2,1,4,4,1,5,5,NA,3,3,4,2,Organic Foods
23715,1/9/2013,NA,Male,19,4,4,4,NA,NA,NA,4,2,1,4,7,7,7,1,2,1,1,2,5,1,1,1,2,1,Organic Foods
35999,1/9/2013,2/8/2013,Female,18,7,7,7,7,7,7,6,2,1,7,7,7,7,1,1,4,1,1,1,5,5,5,7,6,Organic Foods
49611,1/9/2013,2/8/2013,Male,18,6,6,6,5,5,4,6,2,1,7,7,7,7,4,4,4,1,2,2,5,4,4,1,3,Organic Foods
12746,1/9/2013,NA,Male,20,6,6,6,NA,NA,NA,6,2,5,5,6,5,5,5,5,5,3,5,6,5,5,5,6,6,Organic Foods
66944,1/9/2013,2/8/2013,Female,19,5,5,4,5,5,5,4,2,4,2,3,4,4,4,2,4,4,5,4,2,3,3,3,3,Organic Foods
73480,1/9/2013,2/8/2013,Female,18,4,4,5,5,5,5,4,3,5,2,6,5,5,4,4,3,4,3,5,3,3,2,6,3,Organic Foods
61273,1/9/2013,2/8/2013,Male,19,2,4,4,3,4,4,5,5,3,3,6,6,6,5,2,2,5,5,5,1,1,1,4,2,Organic Foods
48058,1/9/2013,NA,Female,20,6,6,6,NA,NA,NA,7,2,5,3,5,5,5,5,6,6,2,2,3,5,4,5,1,5,Organic Foods
56863,1/10/2013,NA,Female,19,6,6,6,NA,NA,NA,6,2,1,3,4,3,3,3,1,2,6,6,4,2,2,2,4,2,Organic Foods
67098,1/10/2013,2/10/2013,NA,NA,5,4,3,6,5,4,4,2,4,7,6,7,6,6,1,1,1,1,5,2,2,2,1,5,Organic Foods
76270,1/10/2013,2/10/2013,NA,NA,5,7,6,6,6,6,6,2,1,2,3,3,3,2,1,1,2,5,6,3,2,1,2,2,Organic Foods
56759,1/10/2013,NA,Male,20,7,7,4,NA,NA,NA,4,2,5,2,3,1,4,4,4,4,7,5,7,2,2,4,5,2,Organic Foods
18109,1/10/2013,NA,Male,18,2,2,4,NA,NA,NA,4,4,1,4,5,4,4,3,4,4,6,6,6,2,2,2,2,3,Organic Foods
60525,1/10/2013,2/14/2013,Female,21,6,7,7,7,7,7,7,2,1,6,4,6,6,7,7,6,1,1,2,2,3,4,1,6,Organic Foods
26120,1/10/2013,2/11/2013,Female,18,7,7,7,7,7,7,7,1,7,7,3,7,7,7,7,7,1,1,1,7,5,5,1,6,Organic Foods
90979,1/10/2013,NA,Male,26,4,4,3,NA,NA,NA,4,2,2,1,1,1,1,1,1,1,1,5,5,2,1,2,4,2,Organic Foods
90481,1/10/2013,2/11/2013,Female,19,4,4,4,3,2,2,2,5,1,6,7,5,7,4,5,6,3,3,3,1,1,1,2,5,Organic Foods
63469,1/10/2013,2/10/2013,Female,19,5,6,7,5,5,5,7,2,2,5,5,4,5,4,4,5,2,3,3,2,2,2,4,4,Organic Foods
90933,1/10/2013,2/9/2013,Male,18,3,5,4,5,5,5,6,5,2,4,5,4,4,5,4,4,5,4,3,4,3,5,2,3,Organic Foods
90184,1/10/2013,NA,Female,18,7,7,7,NA,NA,NA,7,1,2,7,7,7,7,5,5,5,2,1,2,5,4,4,2,5,Organic Foods
82813,1/10/2013,NA,Female,18,5,7,6,NA,NA,NA,6,2,3,4,2,3,2,4,4,2,3,5,5,5,4,4,2,4,Organic Foods
96673,1/10/2013,NA,Female,18,5,5,5,NA,NA,NA,7,2,1,1,4,4,4,4,4,4,1,4,4,1,1,1,4,7,Organic Foods
38772,1/10/2013,NA,Female,19,4,6,6,NA,NA,NA,5,4,4,5,5,6,6,6,4,5,2,3,3,4,5,6,4,4,Organic Foods
89523,1/10/2013,2/11/2013,Female,21,5,5,5,6,6,6,6,2,3,6,7,7,7,5,5,5,1,2,3,NA,4,1,2,4,Organic Foods
52458,1/10/2013,NA,Female,18,3,5,4,NA,NA,NA,4,1,3,1,1,2,2,1,1,5,3,5,5,1,1,1,7,1,Organic Foods
38056,1/10/2013,2/9/2013,Female,19,6,7,7,6,6,6,5,2,1,6,6,7,7,5,3,6,2,6,5,5,4,4,2,4,Organic Foods
49637,1/10/2013,2/9/2013,Male,18,7,7,7,7,7,7,7,2,5,5,5,7,7,6,6,6,1,1,1,5,4,3,1,5,Organic Foods
82849,1/10/2013,NA,Female,20,7,7,7,NA,NA,NA,7,1,6,7,7,7,7,6,6,5,1,1,2,6,6,6,NA,6,Organic Foods
17652,1/10/2013,NA,Female,18,7,6,5,NA,NA,NA,5,3,4,4,5,5,6,4,4,1,6,5,7,5,5,5,2,1,Organic Foods
84172,1/10/2013,NA,Male,18,5,4,4,NA,NA,NA,6,2,1,3,4,2,4,2,4,1,1,1,4,3,2,3,7,3,Organic Foods
73377,1/10/2013,2/10/2013,Male,19,5,5,5,7,7,5,5,2,1,3,5,5,4,5,1,1,1,1,3,4,3,4,7,3,Organic Foods
15737,1/10/2013,2/9/2013,Male,18,5,5,4,5,5,4,4,4,1,1,1,1,1,1,4,1,1,1,4,1,1,1,7,1,Organic Foods
43101,1/10/2013,NA,Male,19,6,6,6,NA,NA,NA,6,2,2,5,5,5,5,5,3,3,1,2,2,5,5,4,6,6,Organic Foods
83546,1/10/2013,2/9/2013,NA,NA,4,5,5,5,6,5,3,2,2,2,3,1,1,4,2,5,2,1,4,2,1,1,2,2,Organic Foods
89889,1/10/2013,NA,Male,18,4,3,2,NA,NA,NA,4,3,4,3,3,3,4,4,5,4,3,3,3,4,4,5,4,4,Organic Foods
94240,1/10/2013,NA,NA,NA,5,7,4,NA,NA,NA,6,1,1,4,3,3,2,2,4,3,1,5,5,1,1,1,6,1,Organic Foods
17369,1/10/2013,NA,NA,NA,7,7,7,NA,NA,NA,7,1,1,5,7,5,7,1,1,1,1,1,1,1,1,1,1,2,Organic Foods
34434,1/10/2013,2/11/2013,Female,19,6,6,4,NA,NA,NA,5,2,1,4,3,3,5,2,2,2,4,4,4,2,2,2,5,2,Organic Foods
68530,1/10/2013,NA,Female,19,5,5,5,NA,NA,NA,4,1,4,4,4,4,4,4,2,4,1,1,4,4,4,4,3,3,Organic Foods
24742,1/10/2013,NA,Male,19,6,6,6,NA,NA,NA,4,4,1,3,3,4,4,3,3,3,3,5,6,2,3,2,5,2,Organic Foods
99817,1/10/2013,NA,Male,18,5,4,5,NA,NA,NA,3,1,1,3,6,4,5,2,3,3,2,2,2,3,3,3,4,4,Organic Foods
58519,1/10/2013,2/10/2013,Female,19,6,6,6,6,7,6,7,3,NA,6,6,6,7,7,5,5,1,2,3,NA,NA,1,NA,5,Organic Foods
37559,1/10/2013,NA,Female,18,3,3,3,NA,NA,NA,3,3,1,1,1,1,1,1,1,1,4,4,4,1,1,1,1,1,Organic Foods
20290,1/10/2013,NA,Male,19,6,6,6,NA,NA,NA,7,1,1,6,6,6,6,6,5,5,1,1,2,5,5,5,2,4,Organic Foods
80506,1/10/2013,NA,Female,22,7,7,6,NA,NA,NA,6,2,3,5,5,6,5,6,4,4,2,2,3,5,5,5,2,5,Organic Foods
43201,1/10/2013,NA,Female,19,7,7,7,NA,NA,NA,7,1,5,6,6,6,4,6,6,6,1,2,2,5,5,5,1,5,Organic Foods
25994,1/10/2013,2/9/2013,Male,18,6,5,6,7,4,5,5,3,2,4,3,1,1,1,1,1,6,3,2,1,2,5,7,3,Organic Foods
88506,1/10/2013,NA,Female,19,6,6,5,NA,NA,NA,6,2,6,5,4,5,5,6,5,4,2,5,3,2,1,4,5,2,Organic Foods
12754,1/11/2013,2/10/2013,Female,18,4,4,4,4,4,4,5,2,3,1,1,1,1,1,1,1,1,2,2,2,1,2,4,1,Organic Foods
64263,1/11/2013,NA,Female,20,6,6,6,NA,NA,NA,5,3,4,5,5,6,6,6,4,5,4,4,4,5,5,4,4,4,Organic Foods
95507,1/11/2013,2/10/2013,Female,20,5,5,5,7,6,5,5,1,1,4,5,4,4,4,5,5,1,2,3,3,2,2,3,2,Organic Foods
81931,1/11/2013,NA,Female,20,4,6,4,NA,NA,NA,6,2,1,3,3,4,4,3,1,1,1,4,5,1,1,1,1,3,Organic Foods
35468,1/11/2013,NA,Female,19,4,6,5,NA,NA,NA,6,2,4,2,2,2,2,2,4,4,2,4,4,1,NA,2,7,1,Organic Foods
54413,1/11/2013,2/10/2013,Female,18,6,7,7,6,6,5,5,3,4,5,5,5,5,2,5,4,5,5,4,5,1,4,2,4,Organic Foods
59922,1/11/2013,2/10/2013,Male,18,7,7,7,6,7,7,7,1,2,7,6,6,6,7,4,4,1,1,2,5,5,4,2,4,Organic Foods
14709,1/11/2013,NA,Male,22,5,5,5,NA,NA,NA,5,2,1,2,2,2,2,2,5,6,5,5,5,1,1,1,NA,2,Organic Foods
45740,1/11/2013,2/10/2013,Female,20,5,5,4,5,5,4,5,3,3,6,5,4,4,3,2,4,2,3,4,3,3,2,4,5,Organic Foods
65419,1/11/2013,NA,Male,21,5,6,7,NA,NA,NA,5,3,2,5,4,6,5,5,4,5,2,2,2,6,5,5,5,5,Organic Foods
98360,1/12/2013,2/11/2013,Male,19,4,4,4,3,4,4,5,2,1,4,4,4,4,1,1,1,2,7,5,2,2,2,4,2,Organic Foods
55239,1/12/2013,NA,Female,18,4,4,4,NA,NA,NA,1,1,1,1,1,1,1,1,1,1,1,1,4,1,2,2,7,2,Organic Foods
63264,1/12/2013,NA,Female,19,5,6,6,NA,NA,NA,5,2,4,6,5,6,7,6,5,6,1,1,2,6,6,7,1,7,Organic Foods
17786,1/12/2013,2/11/2013,Female,18,4,5,5,5,5,5,5,3,5,5,5,5,5,5,5,5,5,4,4,4,3,4,5,4,Organic Foods
95123,1/12/2013,2/11/2013,Female,18,6,6,6,6,6,6,5,5,2,7,7,7,7,3,1,2,1,2,4,2,2,2,2,4,Organic Foods
72448,1/12/2013,2/11/2013,Male,21,5,5,5,4,4,4,5,2,4,4,4,4,4,4,4,4,4,4,4,4,4,4,4,4,Organic Foods
68836,1/12/2013,NA,Male,18,5,7,5,NA,NA,NA,4,2,1,3,2,4,5,5,5,4,3,3,4,1,1,3,3,2,Organic Foods
41776,1/12/2013,2/11/2013,NA,NA,5,5,6,7,7,7,6,2,5,5,5,5,5,5,5,5,1,4,3,4,4,3,5,4,Organic Foods
60619,1/12/2013,NA,Male,23,7,6,6,NA,NA,NA,6,3,4,7,7,7,7,7,3,4,2,2,2,7,6,6,2,6,Organic Foods
44175,1/12/2013,NA,Female,19,4,5,4,NA,NA,NA,3,4,3,2,3,3,4,3,4,3,5,5,5,2,2,2,3,2,Organic Foods
82416,1/12/2013,2/11/2013,Male,19,7,7,7,7,7,7,7,2,1,7,6,7,7,7,5,5,1,2,2,7,5,5,4,5,Organic Foods
81253,1/12/2013,2/11/2013,Female,18,7,6,4,5,6,4,4,4,1,2,6,5,5,3,4,5,1,1,4,1,1,1,1,4,Organic Foods
63681,1/12/2013,NA,NA,NA,2,1,2,NA,NA,NA,2,3,5,1,2,3,4,5,6,4,2,5,5,2,4,4,4,2,Organic Foods
89498,1/12/2013,2/11/2013,Male,18,3,3,3,4,4,4,3,4,1,5,5,5,5,5,4,4,1,1,1,1,1,1,1,1,Organic Foods
57619,1/12/2013,NA,Female,18,5,5,6,NA,NA,NA,5,2,5,6,6,6,6,6,5,5,3,2,4,4,4,4,2,3,Organic Foods
10582,1/12/2013,2/19/2013,Female,18,7,7,7,7,7,7,7,1,7,7,7,7,7,7,7,7,1,1,1,7,7,7,7,6,Organic Foods
74345,1/12/2013,2/11/2013,Female,19,7,7,7,7,7,7,7,1,4,7,7,7,7,7,5,4,1,1,2,6,6,4,4,5,Organic Foods
85772,1/12/2013,NA,Female,19,6,6,4,NA,NA,NA,4,3,1,4,5,5,5,5,4,6,2,2,2,3,2,1,5,5,Organic Foods
46358,1/12/2013,2/11/2013,Female,19,4,5,4,4,4,4,5,5,1,2,4,3,5,4,2,3,1,2,2,3,2,1,4,4,Organic Foods
54406,1/12/2013,2/11/2013,Female,22,6,6,5,6,6,7,5,3,6,6,6,5,7,4,6,5,3,3,4,3,3,3,2,3,Organic Foods
97326,1/12/2013,NA,Female,20,4,4,4,NA,NA,NA,4,4,1,1,1,1,1,1,1,1,1,7,4,1,1,1,1,7,Organic Foods
63612,1/12/2013,2/11/2013,Male,18,4,4,3,4,4,4,4,5,1,3,5,5,5,4,1,5,5,6,4,3,5,4,4,5,Organic Foods
69954,1/12/2013,NA,Male,18,7,7,7,NA,NA,NA,5,3,1,5,5,6,6,1,1,1,4,2,2,2,2,1,7,4,Organic Foods
15213,1/13/2013,NA,Male,24,4,4,4,NA,NA,NA,4,4,1,6,6,7,7,4,4,4,1,1,1,1,1,1,1,3,Organic Foods
20752,1/13/2013,2/12/2013,Female,18,7,5,5,6,4,5,5,2,4,5,7,7,7,5,5,4,2,2,2,2,2,1,2,5,Organic Foods
39294,1/13/2013,NA,Female,19,5,7,6,NA,NA,NA,5,2,5,6,6,6,6,5,5,5,2,2,2,5,3,3,2,3,Organic Foods
56071,1/13/2013,NA,Female,18,5,5,5,NA,NA,NA,4,2,2,2,4,3,3,3,3,3,1,5,7,2,2,2,5,6,Organic Foods
89602,1/13/2013,NA,Male,19,4,4,4,NA,NA,NA,1,1,1,5,5,2,5,4,1,4,1,1,1,1,1,1,4,2,Organic Foods
61584,1/13/2013,2/12/2013,Female,19,3,5,4,6,6,4,5,5,4,4,2,7,7,3,2,6,6,6,6,1,1,1,1,4,Organic Foods
51515,1/13/2013,2/12/2013,NA,NA,7,7,7,5,5,4,6,2,1,6,6,6,6,4,4,5,1,4,4,4,4,3,4,4,Organic Foods
22370,1/13/2013,NA,Male,20,5,4,4,NA,NA,NA,4,3,1,1,1,1,1,1,3,1,1,1,4,1,1,3,4,1,Organic Foods
93510,1/13/2013,2/12/2013,Female,18,7,7,7,7,7,7,7,1,1,4,4,4,4,4,4,4,1,1,1,4,4,4,1,1,Organic Foods
62604,1/13/2013,2/12/2013,Male,18,6,6,6,5,5,5,6,2,3,4,4,4,5,5,5,4,3,3,2,2,4,4,4,5,Organic Foods
11250,1/13/2013,NA,Male,20,5,5,6,NA,NA,NA,5,2,1,3,1,3,3,4,3,2,1,4,6,5,2,3,4,4,Organic Foods
50085,1/13/2013,NA,Male,20,5,4,5,NA,NA,NA,4,2,4,5,3,5,5,5,2,3,3,3,4,5,5,4,5,3,Organic Foods
21567,1/13/2013,NA,Female,18,7,7,7,NA,NA,NA,5,2,2,3,4,4,4,5,5,3,1,5,2,5,4,1,7,1,Organic Foods
21484,1/13/2013,NA,Male,18,3,5,5,NA,NA,NA,2,2,2,2,2,2,2,2,1,1,1,1,2,1,1,1,1,2,Organic Foods
61129,1/13/2013,NA,Male,18,2,4,3,NA,NA,NA,2,2,1,2,3,3,4,4,2,4,1,2,3,1,1,1,2,3,Organic Foods
17074,1/13/2013,NA,Male,18,7,7,7,NA,NA,NA,6,2,1,7,7,7,7,7,7,7,2,1,2,1,1,1,1,7,Organic Foods
50890,1/13/2013,2/12/2013,Male,18,4,6,6,4,4,4,5,1,2,2,2,2,2,1,1,1,1,1,3,3,2,2,4,1,Organic Foods
46545,1/13/2013,2/13/2013,Male,18,7,7,7,7,7,7,6,2,3,7,7,7,7,6,5,5,1,1,1,3,3,2,2,5,Organic Foods
97034,1/13/2013,NA,Female,18,5,4,2,NA,NA,NA,4,4,1,2,5,5,4,2,3,4,2,2,5,1,1,1,5,5,Organic Foods
25505,1/13/2013,NA,Male,18,2,5,4,NA,NA,NA,4,4,1,1,4,4,4,3,4,4,1,1,4,1,1,1,1,4,Organic Foods
55218,1/13/2013,NA,Male,19,7,7,7,NA,NA,NA,7,2,6,7,4,7,7,6,4,5,1,1,2,7,7,2,5,6,Organic Foods
23444,1/13/2013,NA,Female,20,6,6,7,NA,NA,NA,7,2,6,4,5,5,6,7,7,6,1,2,2,5,4,6,2,5,Organic Foods
85136,1/13/2013,NA,Male,19,7,7,7,NA,NA,NA,7,1,4,5,7,6,7,7,5,6,1,4,4,4,3,2,4,3,Organic Foods
69006,1/13/2013,NA,Female,19,6,6,5,NA,NA,NA,5,3,2,3,3,3,4,3,3,3,4,5,5,3,3,2,5,1,Organic Foods
61270,1/14/2013,2/14/2013,Male,20,6,6,4,6,5,5,6,1,1,4,5,3,3,4,1,1,3,4,4,2,2,2,4,3,Organic Foods
72127,1/14/2013,NA,Female,20,6,6,6,NA,NA,NA,7,1,6,4,3,3,3,4,5,4,6,5,2,4,4,4,5,3,Organic Foods
61564,1/14/2013,NA,NA,NA,4,5,7,NA,NA,NA,5,3,4,4,7,6,7,6,1,4,1,1,1,6,7,4,2,6,Organic Foods
39344,1/14/2013,NA,Male,20,5,5,4,NA,NA,NA,4,4,NA,5,4,5,4,4,4,3,4,4,4,4,4,4,4,4,Organic Foods
90377,1/14/2013,NA,Female,19,7,7,7,NA,NA,NA,5,2,4,6,5,6,6,6,2,4,4,4,4,5,5,5,5,5,Organic Foods
79371,1/14/2013,2/13/2013,Female,21,4,4,3,3,3,3,3,5,1,7,7,7,7,7,4,7,1,1,1,1,1,1,1,5,Organic Foods
12324,1/14/2013,NA,Female,18,6,6,6,NA,NA,NA,6,1,3,5,5,5,5,4,4,4,3,3,2,3,2,2,2,5,Organic Foods
87173,1/14/2013,2/13/2013,Male,19,5,6,6,6,6,6,6,2,2,5,5,5,5,6,5,5,2,2,3,2,2,2,2,6,Organic Foods
16181,1/14/2013,NA,Female,18,5,6,6,NA,NA,NA,5,2,2,3,5,5,5,5,5,5,2,2,2,3,3,2,3,4,Organic Foods
93782,1/14/2013,NA,Male,19,5,5,5,NA,NA,NA,5,4,1,2,3,3,4,3,2,4,2,2,3,2,2,2,3,2,Organic Foods
16574,1/14/2013,2/18/2013,Female,18,6,6,6,6,6,5,5,3,1,5,5,5,5,6,5,4,2,2,3,3,3,2,7,2,Organic Foods
50852,1/14/2013,2/17/2013,Female,20,5,5,6,5,5,5,6,2,1,6,7,7,6,5,2,4,1,1,5,5,4,4,5,3,Organic Foods
68059,1/14/2013,NA,Male,18,4,4,4,NA,NA,NA,4,4,4,2,2,2,3,2,4,2,5,4,4,2,2,2,6,2,Organic Foods
23013,1/14/2013,NA,Female,18,7,6,7,NA,NA,NA,7,3,1,7,7,7,7,7,3,7,5,5,5,2,4,4,3,5,Organic Foods
17762,1/14/2013,NA,Male,18,4,4,4,NA,NA,NA,3,3,1,4,4,4,7,4,5,5,2,2,2,2,4,1,4,5,Organic Foods
12541,1/14/2013,2/13/2013,Male,19,4,4,4,4,4,4,3,3,5,1,7,1,7,7,1,1,7,1,1,7,1,1,7,7,Organic Foods
89023,1/14/2013,NA,Female,19,1,5,3,NA,NA,NA,3,3,1,5,1,2,2,2,1,2,1,1,4,1,1,1,7,4,Organic Foods
67549,1/14/2013,NA,Female,19,6,6,6,NA,NA,NA,5,2,2,3,3,6,6,6,5,4,3,2,3,2,2,2,3,2,Organic Foods
52189,1/14/2013,NA,Female,18,7,7,7,NA,NA,NA,6,1,6,3,1,5,6,6,6,4,1,1,2,5,4,4,5,5,Organic Foods
96240,1/14/2013,2/13/2013,Female,18,4,4,5,6,6,6,2,2,1,3,4,4,4,4,4,4,2,2,3,1,1,1,7,3,Organic Foods
95715,1/14/2013,NA,Male,18,7,7,7,NA,NA,NA,6,2,2,5,5,4,4,3,4,4,5,4,3,4,4,3,3,4,Organic Foods
72146,1/14/2013,NA,Female,18,2,3,3,NA,NA,NA,2,2,1,1,3,2,5,4,3,3,1,1,3,1,1,1,5,4,Organic Foods
66572,1/14/2013,2/19/2013,NA,NA,1,6,2,7,7,4,3,5,1,7,7,7,7,4,4,4,1,1,3,2,1,1,1,4,Organic Foods
61792,1/14/2013,2/13/2013,Female,18,6,6,6,6,6,6,6,2,1,5,6,6,6,5,4,5,2,4,2,2,2,2,7,6,Organic Foods
83350,1/14/2013,2/13/2013,Male,19,6,5,5,6,6,6,4,3,4,4,4,5,4,3,3,4,5,4,4,3,3,4,5,5,Organic Foods
17228,1/14/2013,2/13/2013,Male,19,7,6,7,7,6,7,6,3,1,4,6,5,4,3,1,4,1,3,4,4,6,2,3,4,Organic Foods
51403,1/14/2013,2/20/2013,Female,19,2,2,1,3,3,3,3,2,1,2,2,3,4,1,3,1,1,1,2,1,1,1,2,1,Organic Foods
80134,1/14/2013,2/13/2013,Female,19,5,5,5,7,7,6,5,1,1,5,5,5,4,4,4,5,3,2,3,2,2,2,2,2,Organic Foods
67566,1/14/2013,NA,Male,18,6,5,5,NA,NA,NA,6,3,5,6,5,5,5,5,5,5,3,3,5,3,3,3,2,5,Organic Foods
64148,1/14/2013,NA,Female,18,6,5,4,NA,NA,NA,7,2,1,5,5,5,5,3,6,1,5,6,5,2,2,2,1,2,Organic Foods
32367,1/14/2013,NA,Male,19,3,3,3,NA,NA,NA,5,3,1,1,1,1,1,1,2,1,1,7,7,1,1,1,7,1,Organic Foods
62930,1/15/2013,NA,Male,19,1,1,1,NA,NA,NA,1,7,4,7,7,7,7,1,4,4,4,4,4,4,4,4,4,4,Organic Foods
75197,1/15/2013,NA,NA,NA,7,7,7,NA,NA,NA,5,3,5,5,5,5,6,6,4,4,3,3,3,4,4,4,3,5,Organic Foods
19235,1/15/2013,2/14/2013,Male,24,4,4,2,3,3,3,2,5,4,4,4,4,4,5,1,4,1,1,3,1,1,1,2,4,Organic Foods
93624,1/15/2013,NA,NA,NA,5,5,4,NA,NA,NA,3,3,1,1,1,1,1,1,1,2,1,1,4,1,1,1,7,1,Organic Foods
41860,1/15/2013,2/14/2013,Male,18,5,5,7,6,6,6,5,1,6,5,5,5,5,6,6,6,5,2,3,5,5,4,1,5,Organic Foods
61217,1/15/2013,NA,Female,18,5,6,5,NA,NA,NA,4,2,1,2,3,3,3,3,1,3,2,2,2,2,2,2,7,2,Organic Foods
58068,1/15/2013,2/20/2013,Male,18,4,4,4,4,4,4,3,3,1,1,1,1,1,1,1,1,1,7,1,1,1,1,7,1,Organic Foods
47585,1/15/2013,2/21/2013,Male,18,2,6,5,3,3,3,5,3,2,4,4,3,4,4,3,4,4,3,4,1,3,3,5,1,Organic Foods
74687,1/15/2013,NA,Male,18,6,5,7,NA,NA,NA,6,2,2,6,7,7,7,7,1,3,2,2,2,2,3,1,2,NA,Organic Foods
93539,1/15/2013,2/15/2013,Female,18,5,5,6,6,6,6,5,1,1,5,7,7,7,7,7,4,1,1,2,2,4,4,2,2,Organic Foods
89551,1/15/2013,2/22/2013,Male,20,7,5,5,6,7,5,5,2,3,3,3,3,3,3,3,3,3,3,3,2,2,2,2,2,Organic Foods
22299,1/15/2013,2/14/2013,Female,19,5,5,7,6,6,6,6,1,1,6,6,6,6,4,4,4,1,1,1,4,2,2,1,7,Organic Foods
59243,1/15/2013,NA,Female,18,5,5,4,NA,NA,NA,4,4,3,4,4,3,4,4,4,4,2,4,4,4,4,2,4,4,Organic Foods
25654,1/15/2013,2/14/2013,Female,20,2,1,2,4,2,2,2,6,6,5,6,6,6,4,2,4,1,1,2,1,1,1,3,6,Organic Foods
32326,1/15/2013,NA,Female,18,7,7,7,NA,NA,NA,7,2,1,5,5,5,5,4,1,1,2,2,2,5,4,4,1,4,Organic Foods
20481,1/15/2013,NA,Female,20,5,5,5,NA,NA,NA,5,3,4,5,5,5,5,4,2,2,4,4,4,5,5,6,6,5,Organic Foods
14573,1/15/2013,NA,Female,18,3,5,4,NA,NA,NA,3,2,1,2,4,3,2,1,1,2,1,1,4,2,2,2,4,2,Organic Foods
19349,1/15/2013,2/21/2013,Male,28,7,6,6,NA,NA,NA,6,1,7,4,5,1,7,6,3,7,1,1,2,4,3,2,7,4,Organic Foods
72594,1/15/2013,NA,Male,19,6,6,7,NA,NA,NA,6,2,3,5,6,6,6,6,5,6,2,2,2,5,4,2,2,5,Organic Foods
94833,1/15/2013,2/14/2013,Female,18,5,5,5,NA,NA,NA,5,3,1,5,5,5,5,5,4,4,2,2,4,1,1,1,2,3,Organic Foods
18738,1/15/2013,NA,Female,32,6,6,6,NA,NA,NA,5,3,1,7,7,7,7,2,5,3,2,5,2,7,4,5,1,3,Organic Foods
27306,1/15/2013,NA,Male,21,6,6,6,NA,NA,NA,6,2,5,4,6,6,6,3,2,3,2,2,3,4,3,4,5,3,Organic Foods
65344,1/15/2013,NA,Male,19,6,5,4,NA,NA,NA,5,3,5,2,2,3,5,4,4,5,3,3,5,2,2,2,4,3,Organic Foods
45896,1/16/2013,2/15/2013,Male,21,5,4,5,6,6,5,5,5,2,6,6,6,6,6,1,6,1,2,2,5,3,3,1,5,Organic Foods
11093,1/16/2013,NA,Female,18,7,7,7,NA,NA,NA,6,3,2,6,5,7,5,6,6,6,2,3,3,4,4,4,2,3,Organic Foods
99620,1/16/2013,NA,Male,19,6,5,5,NA,NA,NA,5,1,7,5,7,7,7,7,1,7,1,1,2,1,1,1,1,5,Organic Foods
72545,1/16/2013,NA,Male,20,7,7,7,NA,NA,NA,7,1,4,7,4,6,7,4,5,5,4,1,1,6,6,4,2,5,Organic Foods
64831,1/16/2013,2/15/2013,Female,20,7,7,7,7,7,7,7,1,7,7,7,7,7,7,7,7,1,1,1,5,5,5,1,5,Organic Foods
98850,1/16/2013,2/15/2013,Female,18,6,6,6,5,5,5,7,1,4,4,6,5,7,7,2,4,2,4,3,1,2,2,3,1,Organic Foods
46186,1/16/2013,NA,Male,26,4,7,5,NA,NA,NA,5,3,1,2,7,7,7,4,4,5,2,4,5,2,3,4,5,2,Organic Foods
75732,1/16/2013,2/15/2013,Male,18,3,5,3,5,5,3,4,5,4,3,3,3,2,1,4,3,3,3,3,2,1,1,4,1,Organic Foods
37029,1/16/2013,2/15/2013,Female,19,4,4,4,6,6,5,4,4,1,1,1,1,7,1,1,1,1,7,7,1,1,1,4,2,Organic Foods
86825,1/16/2013,NA,Female,19,4,6,5,NA,NA,NA,6,2,5,1,1,2,2,1,2,2,4,4,4,1,1,1,2,2,Organic Foods
97550,1/16/2013,NA,Male,19,3,4,4,NA,NA,NA,5,3,3,5,5,4,5,5,3,5,4,5,4,5,1,1,2,5,Organic Foods
99475,1/16/2013,NA,NA,NA,6,7,7,NA,NA,NA,7,1,2,7,7,7,7,7,4,7,1,1,4,5,5,5,1,3,Organic Foods
16766,1/16/2013,2/15/2013,Female,18,6,6,6,7,7,7,6,1,2,5,5,5,5,5,5,6,2,2,2,5,5,5,2,5,Organic Foods
75771,1/16/2013,NA,Female,18,4,4,4,NA,NA,NA,4,4,1,2,2,2,2,2,2,2,1,1,1,1,1,1,5,3,Organic Foods
85562,1/16/2013,NA,Female,18,7,7,7,NA,NA,NA,7,1,1,7,7,7,7,3,1,3,1,1,1,5,4,4,1,5,Organic Foods
51312,1/17/2013,2/17/2013,Female,18,7,7,7,7,7,7,6,2,7,7,7,7,7,5,5,5,6,2,2,5,5,4,1,6,Organic Foods
80444,1/17/2013,NA,Male,19,5,5,4,NA,NA,NA,2,1,1,1,1,1,1,1,1,1,3,1,7,3,3,1,7,1,Organic Foods
45721,1/17/2013,NA,Female,22,5,5,4,NA,NA,NA,1,1,4,7,7,7,7,6,3,6,1,2,3,2,2,2,3,6,Organic Foods
39117,1/17/2013,NA,Male,19,5,7,7,NA,NA,NA,5,3,4,5,7,5,7,4,4,5,4,4,4,4,5,4,4,5,Organic Foods
11664,1/17/2013,2/17/2013,Female,20,4,5,3,4,4,4,3,5,1,7,7,7,7,5,4,4,5,7,1,1,1,1,1,1,Organic Foods
10785,1/17/2013,NA,Male,19,7,5,5,NA,NA,NA,7,4,4,4,4,4,4,4,4,4,4,4,4,4,4,4,4,4,Organic Foods
78785,1/17/2013,NA,Female,19,4,4,4,NA,NA,NA,4,4,4,2,2,2,2,2,2,2,4,4,4,3,3,3,5,2,Organic Foods
45083,1/17/2013,NA,Male,20,4,5,4,NA,NA,NA,1,1,1,2,1,1,1,1,4,1,4,4,4,1,1,1,7,1,Organic Foods
29946,1/17/2013,NA,Male,20,3,4,4,NA,NA,NA,1,1,1,1,1,1,1,1,4,2,1,7,4,1,1,1,7,4,Organic Foods
70190,1/17/2013,NA,Male,20,4,4,5,NA,NA,NA,4,3,1,1,1,1,1,1,1,1,1,1,1,1,1,1,1,1,Organic Foods
42426,1/18/2013,2/17/2013,Male,19,5,5,5,NA,NA,NA,3,3,5,3,3,5,3,3,4,3,3,5,3,3,4,3,4,4,Organic Foods
24466,1/18/2013,2/22/2013,Male,18,5,6,5,4,5,4,6,3,3,4,4,3,4,3,2,4,3,3,3,3,3,2,2,2,Organic Foods
84134,1/18/2013,2/17/2013,NA,NA,7,7,5,NA,NA,NA,6,4,3,6,3,5,4,5,5,4,3,4,4,4,4,4,2,5,Organic Foods
35546,1/18/2013,NA,Female,22,7,7,7,NA,NA,NA,6,3,1,6,5,5,7,7,5,4,2,2,4,3,2,3,3,5,Organic Foods
20389,1/19/2013,NA,Male,19,5,6,5,NA,NA,NA,5,2,1,3,4,3,2,1,2,2,4,5,6,2,1,2,5,2,Organic Foods
22848,1/20/2013,NA,Male,18,6,6,6,NA,NA,NA,5,4,4,6,6,6,6,5,5,6,2,2,2,4,4,4,3,5,Organic Foods
66491,1/20/2013,2/19/2013,Male,18,7,7,7,7,7,7,6,1,4,7,7,7,7,7,4,4,2,1,1,5,4,5,1,3,Organic Foods
12959,1/20/2013,NA,Male,19,5,5,5,NA,NA,NA,3,1,1,3,4,4,2,2,2,3,3,5,6,3,3,2,3,2,Organic Foods
66562,1/20/2013,2/19/2013,Male,20,6,6,6,NA,NA,NA,7,3,6,6,5,5,5,5,4,6,3,5,3,5,5,5,2,5,Organic Foods
71026,1/20/2013,2/19/2013,Female,19,6,6,4,6,6,6,6,2,1,6,7,7,7,4,5,4,2,2,4,3,2,2,2,4,Organic Foods
29658,1/20/2013,2/19/2013,Female,18,7,7,7,5,7,6,6,2,6,6,6,6,6,4,5,5,2,2,2,3,4,4,2,4,Organic Foods
29241,1/20/2013,NA,Male,19,5,5,6,NA,NA,NA,6,2,3,5,4,5,6,5,5,6,5,6,4,4,4,5,4,4,Organic Foods
81669,1/20/2013,2/19/2013,Female,18,6,6,4,5,5,4,6,2,2,2,1,3,3,1,1,1,4,4,4,4,2,2,4,2,Organic Foods
47072,1/21/2013,NA,Female,21,2,1,1,NA,NA,NA,1,1,4,7,7,7,7,7,4,4,1,1,2,1,1,1,4,7,Organic Foods
13935,1/21/2013,NA,Male,19,3,5,4,NA,NA,NA,5,3,1,5,4,5,5,2,4,4,3,4,5,3,3,3,4,4,Organic Foods
68882,1/21/2013,2/20/2013,Female,19,4,5,5,5,5,4,4,3,1,2,3,2,2,2,4,2,4,2,5,2,2,1,5,1,Organic Foods
84776,1/21/2013,NA,Female,18,5,5,5,NA,NA,NA,5,2,1,2,2,2,1,1,1,1,1,1,1,3,3,3,5,5,Organic Foods
85622,1/21/2013,NA,Female,18,4,5,5,NA,NA,NA,4,4,1,6,6,6,6,5,4,4,2,2,2,2,4,4,6,4,Organic Foods
74779,1/21/2013,2/20/2013,Male,18,4,4,4,4,6,5,3,5,1,4,4,4,7,4,4,4,5,6,6,3,2,2,3,4,Organic Foods
40529,1/21/2013,2/20/2013,Male,19,2,7,5,2,6,5,5,2,2,5,5,5,5,5,5,5,1,1,5,1,4,2,5,2,Organic Foods
76809,1/21/2013,2/20/2013,Male,20,5,5,5,5,5,5,6,2,4,6,4,6,7,6,6,6,2,2,2,2,2,2,5,5,Organic Foods
82193,1/21/2013,NA,Male,18,4,4,4,NA,NA,NA,4,3,2,2,3,2,1,4,7,1,1,1,1,3,2,2,6,2,Organic Foods
66395,1/21/2013,NA,Female,19,4,4,5,NA,NA,NA,3,2,5,4,5,3,4,4,5,4,4,5,4,2,5,4,2,3,Organic Foods
39498,1/21/2013,NA,Female,19,7,7,7,NA,NA,NA,7,1,1,6,5,6,6,6,6,4,1,1,1,4,4,5,5,2,Organic Foods
32400,1/21/2013,NA,Male,18,4,2,3,NA,NA,NA,4,5,1,2,7,5,5,1,3,1,5,3,7,3,1,1,1,2,Organic Foods
74176,1/22/2013,NA,Female,19,6,7,5,NA,NA,NA,6,1,6,3,3,3,2,5,6,6,4,3,6,2,2,2,2,3,Organic Foods
49013,1/22/2013,NA,Male,19,7,6,5,NA,NA,NA,7,2,3,4,3,3,3,3,3,3,3,3,4,3,2,2,3,3,Organic Foods
10049,1/22/2013,2/21/2013,Female,18,6,6,7,7,7,7,6,2,5,4,3,5,5,4,3,3,2,2,4,5,5,4,2,3,Organic Foods
23917,1/22/2013,NA,Male,19,5,7,6,NA,NA,NA,5,2,5,5,4,5,5,6,6,4,3,4,2,5,5,5,2,6,Organic Foods
65020,1/22/2013,2/24/2013,Female,18,7,7,7,5,6,4,7,1,2,5,4,4,5,4,4,5,1,1,2,2,1,1,2,1,Organic Foods
24306,1/22/2013,NA,Female,18,4,6,6,NA,NA,NA,5,2,3,4,4,5,4,4,1,1,1,5,3,3,1,1,4,4,Organic Foods
75138,1/22/2013,NA,Female,19,4,4,4,NA,NA,NA,5,1,1,1,1,1,1,1,4,1,4,7,4,1,1,3,7,1,Organic Foods
52049,1/22/2013,2/21/2013,Female,18,5,5,5,NA,NA,NA,4,4,5,2,2,2,2,2,2,1,2,7,4,2,2,2,4,2,Organic Foods
63236,1/22/2013,2/21/2013,Male,18,7,6,7,NA,NA,NA,5,1,2,5,4,5,5,5,4,7,1,1,4,5,1,1,4,7,Organic Foods
87020,1/22/2013,NA,Female,19,3,5,4,NA,NA,NA,3,5,3,5,5,5,5,4,4,4,3,3,4,1,1,1,3,3,Organic Foods
81306,1/22/2013,NA,Female,18,7,7,7,NA,NA,NA,6,2,5,5,5,5,5,5,5,4,2,2,3,4,5,5,1,5,Organic Foods
56129,1/22/2013,NA,Male,19,5,7,6,NA,NA,NA,4,3,4,5,5,5,5,5,1,1,2,4,4,3,2,4,4,4,Organic Foods
48443,1/22/2013,NA,Male,20,3,3,3,NA,NA,NA,3,5,6,3,3,3,4,4,3,3,3,1,2,4,3,2,5,1,Organic Foods
77105,1/22/2013,NA,Male,20,7,7,6,NA,NA,NA,7,1,6,5,5,5,5,6,4,4,1,1,1,3,3,3,5,6,Organic Foods
54086,1/22/2013,NA,Male,19,7,7,7,NA,NA,NA,6,1,4,6,6,6,6,6,6,6,2,2,2,6,6,6,2,5,Organic Foods
90822,1/22/2013,NA,Female,18,7,7,7,NA,NA,NA,6,2,1,5,5,5,5,5,4,5,4,4,4,2,3,2,2,3,Organic Foods
28281,1/22/2013,NA,Female,18,7,6,6,NA,NA,NA,3,1,4,2,2,2,2,2,4,4,3,3,4,4,4,4,4,6,Organic Foods
47299,1/22/2013,NA,Male,18,1,1,1,NA,NA,NA,1,1,1,1,1,1,1,1,1,1,7,7,7,1,1,1,7,1,Organic Foods
24163,1/23/2013,NA,Male,18,4,4,4,NA,NA,NA,4,5,2,3,5,3,5,4,4,5,2,5,6,1,1,1,2,4,Organic Foods
79822,1/23/2013,2/23/2013,Female,36,7,7,7,7,7,7,7,1,5,7,6,7,7,6,3,4,1,1,2,6,5,5,2,5,Organic Foods
71231,1/23/2013,NA,Female,18,4,4,4,NA,NA,NA,3,2,2,3,4,3,3,2,3,4,4,5,5,2,2,3,2,4,Organic Foods
70827,1/23/2013,NA,Male,21,2,3,3,NA,NA,NA,3,3,NA,3,3,3,3,3,3,3,3,3,3,3,3,4,3,4,Organic Foods
97307,1/23/2013,NA,Female,NA,7,7,7,NA,NA,NA,7,1,1,7,7,7,7,7,7,7,1,1,1,7,7,1,1,7,Organic Foods
57925,1/23/2013,2/22/2013,Female,20,4,5,4,5,4,4,5,3,5,4,6,5,5,4,5,4,3,3,5,2,1,1,4,5,Organic Foods
36642,1/23/2013,NA,Female,19,3,3,3,NA,NA,NA,5,2,4,4,5,4,4,4,3,4,3,3,3,4,4,4,4,4,Organic Foods
46306,1/23/2013,NA,Male,18,7,5,6,NA,NA,NA,5,2,7,5,5,5,5,4,2,3,2,2,2,5,5,4,6,5,Organic Foods
20630,1/23/2013,NA,Male,18,1,1,1,NA,NA,NA,2,6,5,5,5,5,5,5,6,5,2,2,2,1,1,1,1,6,Organic Foods
57716,1/23/2013,NA,Male,18,4,4,4,NA,NA,NA,4,3,5,3,3,3,3,3,4,3,3,3,4,3,3,3,4,2,Organic Foods
20133,1/23/2013,NA,Male,18,6,6,5,NA,NA,NA,4,3,2,4,5,5,5,5,5,5,3,3,5,5,1,1,2,5,Organic Foods
53236,1/23/2013,NA,Male,24,6,5,5,NA,NA,NA,4,2,2,3,6,3,6,2,3,3,2,1,3,3,2,2,4,2,Organic Foods
50540,1/23/2013,NA,Male,23,5,5,5,NA,NA,NA,5,2,1,5,5,5,5,4,4,4,1,1,4,4,2,1,4,5,Organic Foods
83593,1/23/2013,NA,Male,18,2,2,2,NA,NA,NA,2,6,1,1,1,1,1,1,1,1,1,1,1,1,1,1,7,7,Organic Foods
39693,1/23/2013,NA,Female,18,7,7,7,NA,NA,NA,5,2,2,6,6,6,6,4,4,4,2,2,3,4,2,2,7,4,Organic Foods
62185,1/23/2013,NA,Male,19,7,7,7,NA,NA,NA,6,2,4,5,5,6,6,6,6,6,2,2,2,5,4,4,6,4,Organic Foods
23825,1/23/2013,2/23/2013,Female,18,7,5,5,6,6,5,5,2,4,3,5,4,2,1,1,1,3,3,3,1,1,3,6,3,Organic Foods
14718,1/23/2013,2/22/2013,Female,18,6,6,6,6,6,4,6,2,1,7,7,7,7,7,1,2,2,2,4,4,2,2,3,2,Organic Foods
49012,1/24/2013,NA,Male,21,7,7,7,NA,NA,NA,7,2,6,7,7,6,7,7,5,7,5,1,1,6,6,7,3,7,Organic Foods
54981,1/24/2013,NA,Female,19,5,6,6,NA,NA,NA,5,5,1,7,7,7,7,3,1,4,4,3,4,4,2,2,1,7,Organic Foods
10379,1/24/2013,NA,Male,19,7,7,7,NA,NA,NA,6,5,3,3,5,2,4,4,5,4,3,3,3,3,3,2,5,5,Organic Foods
21841,1/24/2013,NA,Male,19,7,7,7,NA,NA,NA,6,2,4,6,7,7,7,7,4,5,1,1,2,6,4,4,4,6,Organic Foods
64217,1/24/2013,NA,Female,19,7,7,7,NA,NA,NA,6,2,4,5,5,5,4,4,4,3,4,5,4,5,4,4,4,3,Organic Foods
25380,1/24/2013,2/23/2013,Male,22,5,6,4,4,5,4,5,4,1,3,1,1,2,1,1,2,1,1,3,4,1,1,4,3,Organic Foods
17322,1/24/2013,2/23/2013,Male,18,5,6,4,7,6,6,4,1,4,7,6,6,7,6,4,5,1,1,5,2,2,2,2,5,Organic Foods
92562,1/24/2013,NA,Female,24,5,5,5,NA,NA,NA,5,3,2,3,5,5,5,5,4,4,3,3,3,NA,2,2,3,4,Organic Foods
10747,1/24/2013,2/24/2013,Male,18,4,5,4,4,4,4,4,4,4,4,1,1,1,1,4,1,1,4,4,1,1,1,4,1,Organic Foods
36702,1/24/2013,NA,Male,20,6,7,5,NA,NA,NA,5,3,4,5,3,4,4,7,3,5,2,3,2,4,4,NA,6,4,Organic Foods
61663,1/24/2013,NA,Male,18,5,7,7,NA,NA,NA,7,1,1,4,4,4,5,4,4,1,1,7,7,1,4,3,4,3,Organic Foods
97356,1/24/2013,2/23/2013,NA,NA,4,4,4,2,2,2,1,1,1,1,1,1,1,1,4,1,1,7,1,1,1,NA,4,1,Organic Foods
48405,1/24/2013,NA,Male,19,7,7,7,NA,NA,NA,6,2,1,5,6,4,5,6,5,4,3,3,3,4,5,3,4,2,Organic Foods
40379,1/25/2013,NA,Male,18,7,7,7,NA,NA,NA,6,2,3,6,5,5,5,6,5,5,2,2,4,2,2,2,3,4,Organic Foods
55146,1/25/2013,NA,Female,20,3,4,3,NA,NA,NA,1,1,1,2,7,7,7,7,3,3,1,1,1,1,1,1,1,2,Organic Foods
39939,1/25/2013,2/24/2013,Male,20,5,5,5,5,5,5,5,4,3,6,5,6,5,6,5,4,4,3,2,4,4,5,4,4,Organic Foods
30812,1/25/2013,2/24/2013,Female,18,4,6,5,6,6,4,5,3,3,2,4,2,2,4,4,1,2,4,7,2,2,3,4,1,Organic Foods
72373,1/25/2013,2/24/2013,Female,18,4,5,5,5,7,4,4,1,1,1,1,1,1,1,1,1,1,1,4,1,1,1,7,1,Organic Foods
60151,1/25/2013,NA,Male,19,7,7,7,NA,NA,NA,6,2,6,7,7,7,7,7,1,4,2,2,2,1,1,2,4,7,Organic Foods
36613,1/26/2013,NA,NA,NA,5,7,7,NA,NA,NA,7,2,4,5,6,5,7,5,5,5,2,2,4,3,3,4,2,4,Organic Foods
82508,1/26/2013,NA,Male,18,4,4,6,NA,NA,NA,5,3,1,1,1,1,1,1,1,1,1,1,3,1,1,1,7,2,Organic Foods
21926,1/26/2013,NA,Male,43,7,7,7,NA,NA,NA,6,2,6,7,7,7,7,6,6,6,2,1,1,7,7,7,2,7,Organic Foods
21304,1/27/2013,NA,Male,20,4,4,4,NA,NA,NA,4,4,4,4,4,4,4,4,4,4,4,4,4,4,4,4,4,4,Organic Foods
12686,1/27/2013,NA,Male,19,7,7,7,NA,NA,NA,5,6,2,4,7,4,7,6,5,3,4,3,3,1,1,2,2,6,Organic Foods
33201,1/27/2013,NA,Male,18,7,7,7,NA,NA,NA,6,2,5,7,6,6,6,4,6,5,3,5,1,6,6,5,6,7,Organic Foods
52081,1/27/2013,NA,Male,18,5,6,7,NA,NA,NA,7,2,1,6,3,5,7,2,3,3,1,1,3,4,3,3,5,4,Organic Foods
79424,1/27/2013,NA,Male,23,4,4,4,NA,NA,NA,2,2,2,2,2,2,6,1,2,2,1,4,6,1,1,1,7,4,Organic Foods
76468,1/27/2013,NA,NA,NA,5,7,5,NA,NA,NA,6,2,4,5,6,6,5,7,5,6,4,4,4,4,4,4,4,4,Organic Foods
33391,1/27/2013,NA,Male,18,7,4,4,NA,NA,NA,5,3,1,7,1,7,7,1,1,1,1,1,7,1,2,1,4,6,Organic Foods
76265,1/27/2013,NA,Female,18,6,6,6,NA,NA,NA,6,2,3,4,4,5,5,5,5,5,2,2,3,3,3,2,1,5,Organic Foods
16060,1/27/2013,NA,Female,18,4,4,4,NA,NA,NA,4,3,1,2,4,2,3,3,3,3,3,3,3,2,2,2,5,6,Organic Foods
29917,1/27/2013,NA,Male,32,7,7,7,NA,NA,NA,7,1,7,7,7,7,7,7,7,7,1,1,1,7,7,7,1,7,Organic Foods
31943,1/27/2013,NA,Female,18,5,5,5,NA,NA,NA,5,3,1,4,7,5,5,5,4,4,1,4,7,4,1,1,5,4,Organic Foods
35462,1/27/2013,2/26/2013,Male,19,3,5,4,3,3,3,2,2,1,6,2,7,2,4,1,1,1,1,5,1,1,1,7,4,Organic Foods
38955,1/27/2013,NA,Male,19,5,6,5,NA,NA,NA,4,4,2,6,7,7,7,6,6,6,1,1,3,3,2,3,4,5,Organic Foods
40593,1/27/2013,2/26/2013,Male,19,4,4,5,4,4,5,2,2,1,1,1,1,1,1,7,1,7,7,7,1,1,1,7,1,Organic Foods
58292,1/28/2013,NA,Male,25,6,6,6,NA,NA,NA,6,3,6,5,6,4,5,4,2,4,5,2,4,5,5,6,3,5,Organic Foods
53124,1/28/2013,NA,Male,23,5,5,5,NA,NA,NA,5,3,5,5,5,6,5,6,4,4,2,2,4,4,4,4,2,4,Organic Foods
59966,1/28/2013,3/1/2013,Female,18,7,7,7,7,7,7,7,1,5,7,7,7,7,7,7,7,1,1,1,5,5,5,1,7,Organic Foods
39628,1/28/2013,NA,Male,19,6,6,6,NA,NA,NA,7,1,2,1,1,1,2,1,1,1,2,2,3,2,1,1,2,1,Organic Foods
85984,1/28/2013,2/28/2013,Female,18,6,6,6,5,5,5,6,2,6,6,6,7,7,2,2,1,2,2,2,1,2,4,2,4,Organic Foods
47217,1/28/2013,NA,Male,18,6,6,6,NA,NA,NA,5,1,5,6,6,6,6,1,6,1,1,2,4,4,4,3,1,3,Organic Foods
22431,1/28/2013,2/27/2013,Female,19,6,5,4,4,4,5,4,2,1,4,4,4,5,1,1,2,1,3,5,4,3,3,2,3,Organic Foods
27402,1/28/2013,NA,Male,19,4,4,4,NA,NA,NA,4,4,4,1,1,1,1,1,1,1,1,1,1,1,1,1,4,1,Organic Foods
33486,1/28/2013,NA,NA,NA,5,5,6,NA,NA,NA,4,3,4,3,5,4,4,2,3,4,4,4,4,2,2,2,3,4,Organic Foods
13027,1/28/2013,NA,Male,23,6,6,6,NA,NA,NA,6,3,5,7,7,7,7,7,7,5,1,1,2,6,6,6,1,6,Organic Foods
92159,1/28/2013,NA,Male,19,5,7,4,NA,NA,NA,5,1,4,4,5,4,4,4,4,4,4,4,4,2,2,2,4,2,Organic Foods
31227,1/28/2013,NA,Female,18,6,6,6,NA,NA,NA,4,2,1,5,5,5,5,5,5,2,2,2,2,5,4,3,4,5,Organic Foods
46310,1/28/2013,NA,Male,20,5,7,5,NA,NA,NA,6,2,4,2,6,3,5,4,2,4,2,5,6,1,1,1,3,1,Organic Foods
13487,1/28/2013,NA,Male,20,4,4,4,NA,NA,NA,4,4,4,4,4,4,4,4,4,4,4,4,4,4,4,4,4,4,Organic Foods
65470,1/28/2013,NA,Female,19,6,6,6,NA,NA,NA,7,1,3,5,5,5,5,5,5,5,5,5,4,3,4,4,3,4,Organic Foods
27616,1/28/2013,2/27/2013,NA,NA,3,4,3,3,5,3,4,2,5,3,4,3,4,3,3,3,1,2,3,2,1,1,4,3,Organic Foods
87885,1/28/2013,NA,NA,NA,5,5,5,NA,NA,NA,6,2,3,1,5,5,5,4,4,5,2,4,4,4,3,3,7,4,Organic Foods
26853,1/28/2013,2/27/2013,Female,19,5,7,7,NA,NA,NA,6,2,1,5,7,6,6,7,4,4,2,2,4,6,3,5,5,3,Organic Foods
33438,1/28/2013,NA,Male,18,6,6,6,NA,NA,NA,6,2,5,4,5,5,5,5,2,5,2,4,4,4,5,5,4,3,Organic Foods
57832,1/28/2013,NA,Male,21,4,4,4,NA,NA,NA,4,4,5,6,7,7,7,7,6,6,1,1,4,3,1,3,1,6,Organic Foods
93758,1/28/2013,NA,Male,18,7,7,7,NA,NA,NA,7,1,5,7,1,7,7,7,7,7,1,1,1,5,5,1,1,5,Organic Foods
44300,1/28/2013,NA,Male,18,5,5,5,NA,NA,NA,5,5,4,4,4,4,4,4,4,4,4,4,4,3,3,3,4,2,Organic Foods
72532,1/28/2013,2/27/2013,Male,18,2,6,4,4,3,5,4,4,1,1,1,1,1,1,1,1,1,1,7,1,1,1,4,1,Organic Foods
58252,1/28/2013,2/28/2013,Male,21,3,2,4,5,4,3,3,2,3,2,2,3,3,4,3,3,3,3,3,3,4,3,4,3,Organic Foods
25211,1/28/2013,NA,Male,18,4,4,4,NA,NA,NA,1,1,2,7,7,7,7,7,1,1,1,1,7,3,1,3,5,5,Organic Foods
93554,1/28/2013,NA,Male,19,4,6,6,NA,NA,NA,5,3,5,2,5,3,5,5,5,5,2,6,5,2,2,2,7,1,Organic Foods
52330,1/28/2013,NA,Female,21,2,2,3,NA,NA,NA,3,3,3,2,2,2,4,1,1,2,1,1,4,1,1,1,3,1,Organic Foods
83356,1/28/2013,NA,Female,19,5,5,4,NA,NA,NA,4,3,3,3,3,3,3,3,1,3,5,4,4,2,2,2,5,2,Organic Foods
90203,1/28/2013,NA,Male,19,7,7,7,NA,NA,NA,6,1,7,6,7,7,7,7,7,7,1,1,1,7,7,4,1,7,Organic Foods
71649,1/28/2013,NA,Male,18,7,7,7,NA,NA,NA,6,2,5,7,7,7,7,7,7,7,1,1,1,7,7,7,1,7,Organic Foods
96196,1/28/2013,2/27/2013,Female,18,4,4,4,5,4,4,4,4,4,7,6,6,6,2,5,4,5,5,5,1,1,1,1,3,Organic Foods
84902,1/28/2013,2/27/2013,Male,21,4,4,5,NA,NA,NA,5,1,1,3,1,2,2,2,4,4,1,7,7,4,1,4,1,3,Organic Foods
69847,1/28/2013,NA,Female,20,4,4,4,NA,NA,NA,4,4,3,4,4,5,4,4,3,5,1,2,4,4,3,3,1,3,Organic Foods
44043,1/28/2013,2/27/2013,NA,NA,4,4,4,4,4,4,4,1,4,7,4,4,4,4,5,4,3,5,5,4,4,4,4,4,Organic Foods
62234,1/28/2013,NA,Female,20,7,7,7,NA,NA,NA,7,1,7,7,7,7,7,7,4,6,2,1,2,7,7,7,2,6,Organic Foods
58335,1/28/2013,NA,Female,24,5,5,5,NA,NA,NA,5,3,1,3,3,4,4,4,4,3,5,3,3,2,2,2,4,5,Organic Foods
41082,1/28/2013,NA,Male,18,1,1,1,NA,NA,NA,1,7,1,7,7,7,7,7,7,7,1,1,1,1,1,1,1,1,Organic Foods
88547,1/28/2013,NA,Female,20,6,6,6,NA,NA,NA,5,1,4,5,5,5,5,5,3,5,2,2,2,5,5,5,4,5,Organic Foods
39012,1/28/2013,NA,Male,19,3,3,3,NA,NA,NA,2,4,4,5,5,5,5,5,4,4,3,3,3,3,3,3,4,5,Organic Foods
98541,1/28/2013,NA,Male,20,7,7,5,NA,NA,NA,7,2,2,7,6,7,4,7,5,7,5,3,4,6,5,6,6,4,Organic Foods
24669,1/28/2013,NA,Female,18,7,7,7,NA,NA,NA,6,2,1,4,4,6,5,5,5,4,2,1,4,5,5,5,3,4,Organic Foods
26948,1/28/2013,NA,Male,19,5,7,7,NA,NA,NA,4,1,3,3,3,3,3,3,3,3,3,3,3,3,3,3,3,3,Organic Foods
45315,1/28/2013,NA,Male,21,4,5,4,NA,NA,NA,5,2,3,4,4,4,4,5,4,4,2,4,3,2,3,3,5,4,Organic Foods
28555,1/28/2013,2/27/2013,Female,18,7,7,7,7,7,7,7,1,2,6,7,7,5,5,5,5,1,2,2,6,5,1,1,5,Organic Foods
98141,1/28/2013,NA,Female,19,5,4,4,NA,NA,NA,5,3,3,3,4,4,3,3,3,2,5,5,5,3,3,3,5,2,Organic Foods
44529,1/28/2013,NA,Female,19,4,4,3,NA,NA,NA,2,3,4,2,3,3,3,2,2,4,3,2,5,4,4,4,5,3,Organic Foods
11173,1/28/2013,NA,Male,19,5,4,3,NA,NA,NA,5,3,1,6,6,6,6,5,2,5,5,5,5,1,1,2,6,3,Organic Foods
89109,1/28/2013,NA,Male,18,3,4,4,NA,NA,NA,6,2,2,6,6,6,6,5,3,3,2,2,2,2,NA,2,2,3,Organic Foods
95665,1/28/2013,NA,Male,18,4,4,4,NA,NA,NA,4,4,2,2,3,3,3,2,4,3,2,2,2,2,2,2,5,5,Organic Foods
26698,1/28/2013,NA,Male,20,1,1,1,NA,NA,NA,1,7,7,7,7,7,7,7,7,7,1,1,1,7,1,1,1,7,Organic Foods
92554,1/28/2013,NA,Male,18,7,7,7,NA,NA,NA,5,1,1,6,6,7,7,7,5,5,1,1,1,3,2,1,2,6,Organic Foods
29603,1/28/2013,NA,Male,24,7,7,7,NA,NA,NA,6,2,2,6,6,6,6,6,7,6,1,1,2,6,5,5,2,4,Organic Foods
81899,1/28/2013,2/27/2013,Male,18,4,4,4,5,6,5,2,1,1,1,5,5,5,1,1,1,1,2,7,1,1,1,2,4,Organic Foods
36883,1/28/2013,NA,Male,24,6,6,6,NA,NA,NA,6,2,4,6,6,6,6,2,3,3,2,2,2,6,6,3,2,5,Organic Foods
88461,1/28/2013,NA,Male,19,7,7,7,NA,NA,NA,7,1,4,7,7,7,7,7,7,7,1,1,4,4,4,4,4,7,Organic Foods
21005,1/28/2013,NA,Male,18,6,6,5,NA,NA,NA,5,3,1,2,5,5,5,5,4,4,1,1,2,2,2,2,6,3,Organic Foods
61785,1/28/2013,NA,Male,19,7,7,7,NA,NA,NA,4,2,4,1,2,3,3,5,3,3,1,1,5,1,1,1,2,2,Organic Foods
86933,1/28/2013,2/27/2013,Male,25,4,6,4,5,4,4,4,2,4,3,3,3,4,4,2,2,2,3,4,4,4,4,4,3,Organic Foods
54444,1/28/2013,NA,Male,20,4,4,4,NA,NA,NA,1,1,4,7,7,7,7,4,4,4,1,1,7,1,1,1,4,4,Organic Foods
56420,1/28/2013,NA,Male,19,4,7,7,NA,NA,NA,6,2,3,6,6,6,6,6,4,6,2,2,2,2,2,2,2,6,Organic Foods
86068,1/28/2013,NA,Male,18,4,4,4,NA,NA,NA,4,4,4,4,4,4,4,4,4,4,4,4,4,4,4,4,4,4,Organic Foods
69498,1/28/2013,NA,Male,19,7,7,7,NA,NA,NA,6,2,1,6,6,6,6,7,6,6,1,1,1,5,5,2,1,5,Organic Foods
62162,1/28/2013,2/27/2013,Male,19,3,3,2,4,4,4,5,5,4,4,4,3,3,4,3,4,3,4,3,2,2,4,3,2,Organic Foods
79898,1/28/2013,NA,Male,23,3,4,3,NA,NA,NA,3,3,4,3,4,3,4,3,4,4,4,4,4,3,3,3,3,3,Organic Foods
20774,1/28/2013,NA,Male,18,7,7,7,NA,NA,NA,3,3,1,1,1,1,1,1,1,1,1,1,7,1,1,1,7,3,Organic Foods
15337,1/29/2013,NA,Male,18,5,6,6,NA,NA,NA,5,2,5,6,6,5,5,4,5,4,2,2,2,4,2,2,5,3,Organic Foods
